DROP DATABASE IF EXISTS bike_store;
CREATE DATABASE bike_store;
USE bike_store;
DROP TABLE IF EXISTS `CUSTOMERS`;
DROP TABLE IF EXISTS `STORES`;
DROP TABLE IF EXISTS `STAFF`;
DROP TABLE IF EXISTS `ORDERS`;
DROP TABLE IF EXISTS `PRODUCTS`;
DROP TABLE IF EXISTS `STOCKS`;

CREATE TABLE IF NOT EXISTS `CUSTOMERS` (
  `CUSTOMER_ID` INT AUTO_INCREMENT NOT NULL,
  `FIRST_NAME` VARCHAR(50) NOT NULL,
  `LAST_NAME` VARCHAR(50) NOT NULL,
  `PHONE` VARCHAR(14),
  `EMAIL` VARCHAR(50),
  `STREET` VARCHAR(50),
  `CITY` VARCHAR(50),
  `STATE` VARCHAR(50),
  `ZIPCODE` INT,
  PRIMARY KEY (`CUSTOMER_ID`)
);

CREATE TABLE IF NOT EXISTS `STORES` (
  `STORE_ID` INT AUTO_INCREMENT NOT NULL,
  `STORE_NAME` VARCHAR(50),
  `PHONE` VARCHAR(14),
  `EMAIL` VARCHAR(50),
  `STREET` VARCHAR(50),
  `CITY` VARCHAR(50),
  `STATE` VARCHAR(50),
  `ZIPCODE` INT,
  PRIMARY KEY (`STORE_ID`)
  
);

CREATE TABLE IF NOT EXISTS `STAFF` (
  `STAFF_ID` INT AUTO_INCREMENT NOT NULL,
  `FIRST_NAME` VARCHAR(50) NOT NULL,
  `LAST_NAME` VARCHAR(50) NOT NULL,
  `EMAIL` VARCHAR(320),
  `PHONE` VARCHAR(14),
  `STORE_ID` INT,
  `USER_NAME` VARCHAR(255) NOT NULL UNIQUE,
  `PASSWORD` VARCHAR(255),
  `IMAGE_URL` VARCHAR(1024),
  `LAST_LOGIN` DATETIME,
  PRIMARY KEY (`STAFF_ID`),
  CONSTRAINT FK_Staff_Store FOREIGN KEY (`STORE_ID`) REFERENCES `STORES` (`STORE_ID`)
);



-- Create the 'PRODUCTS' table with constraints and foreign keys
CREATE TABLE IF NOT EXISTS `PRODUCTS` (
  `PRODUCT_ID` INT AUTO_INCREMENT NOT NULL,
  `PRODUCT_NAME` VARCHAR(1024),
  `BRAND_NAME` VARCHAR(1024) NOT NULL,
  `CATEGORY_NAME` VARCHAR(1024) NOT NULL,
  `MODEL_YEAR` INT,
  `LIST_PRICE` DECIMAL(20,2),
  `IMAGE_URL` VARCHAR(1024),
  PRIMARY KEY (`PRODUCT_ID`)
);

-- Create the 'STOCKS' table with constraints and foreign keys
CREATE TABLE IF NOT EXISTS `STOCKS` (
  `STOCK_ID` INT AUTO_INCREMENT NOT NULL,
  `STORE_ID` INT NOT NULL,
  `PRODUCT_ID` INT NOT NULL,
  `QUANTITY` DECIMAL(20, 5),
  PRIMARY KEY (`STOCK_ID`,`STORE_ID`, `PRODUCT_ID`),
  CONSTRAINT FK_Stocks_Store FOREIGN KEY (`STORE_ID`) REFERENCES `STORES` (`STORE_ID`),
  CONSTRAINT FK_Stocks_Product FOREIGN KEY (`PRODUCT_ID`) REFERENCES `PRODUCTS` (`PRODUCT_ID`)
);

-- Create the 'ORDERS' table with constraints and foreign keys
CREATE TABLE IF NOT EXISTS `ORDERS` (
  `ORDER_ID` INT AUTO_INCREMENT NOT NULL,
  `CUSTOMER_ID` INT NOT NULL,
  `PRODUCT_ID` INT NOT NULL,
  `ORDER_DATE` DATETIME,
  `DELIVERY_DATE` DATETIME,
  `SHIPPED_DATE` DATETIME,
  `STORE_ID` INT NOT NULL,
  `STAFF_ID` INT NOT NULL,
  PRIMARY KEY (`ORDER_ID`),
  CONSTRAINT FK_Orders_Customer FOREIGN KEY (`CUSTOMER_ID`) REFERENCES `CUSTOMERS` (`CUSTOMER_ID`),
  CONSTRAINT FK_Orders_Store FOREIGN KEY (`STORE_ID`) REFERENCES `STORES` (`STORE_ID`),
  CONSTRAINT FK_Orders_Product FOREIGN KEY (`PRODUCT_ID`) REFERENCES `PRODUCTS` (`PRODUCT_ID`),
  CONSTRAINT FK_Orders_Staff FOREIGN KEY (`STAFF_ID`) REFERENCES `STAFF` (`STAFF_ID`)
);


INSERT INTO stores VALUES 
(1,"Santa Cruz Bikes","(831)476-4321","santacruz@bikes.shop","3700 Portola Drive","Santa Cruz","CA",95060),
(2,"Baldwin Bikes","(516) 379-8888","baldwin@bikes.shop","4200 Chestnut Lane","Baldwin","NY",11432),
(3,"Rowlett Bikes","(972) 530-5555","rowlett@bikes.shop","8000 Fairway Avenue","Rowlett","TX",75088);


INSERT INTO products VALUES 
(1,"Classic 350","Royal Enfield","Cruiser",2015,6899,"https://imgcdn.oto.com/large/gallery/exterior/100/1536/royal-enfield-classic-350-right-side-viewfull-image-638321.jpg"),
(2,"Continental GT 650","Royal Enfield","Touring",2015,9090,"https://ultimatemotorcycling.com/wp-content/uploads/2018/10/2019-Royal-Enfield-Continental-GT-650-Review-retro-motorcycle-3.jpg"),
(3,"Himalayan","Royal Enfield","Cruiser",2015,7890,"https://assets.gqindia.com/photos/5cdc2c27b6f0b3733ac71cb7/4:3/w_1188,h_891,c_limit/GQ-India-Royal-Enfield-Himalayan-4.jpg"),
(4,"Interceptor 650","Royal Enfield","Cruiser",2015,9010,"https://static1.topspeedimages.com/wordpress/wp-content/uploads/2022/12/royal-enfield-interceptor-650.jpg"),
(5,"Raider 125","TVS","Cruiser",2015,3200,"https://ic1.maxabout.us/autos/tw_india//T/2021/9/tvs-raider-125-fiery-yellow.jpg"),
(6,"Apache","TVS","Cafe racer",2016,4590,"https://bd.gaadicdn.com/upload/newsimages/616424c9100b5.jpg"),
(7,"Ronin","TVS","Cruiser",2016,2600,"https://imgd.aeplcdn.com/1280x720/n/cw/ec/124775/ronin-225-left-side-view.jpeg"),
(8,"Ntorq 125","TVS","Scooter",2016,2899,"https://imgd.aeplcdn.com/1280x720/n/cw/ec/102709/ntorq-125-right-front-three-quarter.jpeg"),
(9,"Sport","TVS","Cruiser",2016,2699,"https://bd.gaadicdn.com/processedimages/tvs/tvs-sport/source/tvs-sport64d352070b6a2.jpg"),
(10,"Jupiter 125","TVS","Scooter",2017,2490,"https://bd.gaadicdn.com/processedimages/tvs/jupiter-125/source/jupiter-1256528e76d80003.jpg"),
(11,"Splendor","Hero","Cruiser",2017,2390,"https://i.ytimg.com/vi/1UH0K1mo7Mo/maxresdefault.jpg"),
(12,"Xtreme 160R","Hero","Cruiser",2017,3100,"https://imgd.aeplcdn.com/1280x720/n/cw/ec/52189/hero-xtreme-right-front-three-quarter3.jpeg"),
(13,"Glamour","Hero","Cruiser",2017,2980,"https://bd.gaadicdn.com/processedimages/hero/glamour-xtec/source/glamour-xtec627e1fd6e5ca9.jpg"),
(14,"Passion Pro","Hero","Cruiser",2017,2700,"https://www.heromotocorp.com/en-lk/uploads/bike/360/passion-pro-22.jpg"),
(15,"Xtreme 200S","Hero","Cruiser",2017,3800,"https://cdn.motor1.com/images/mgl/G6rAV/s1/bs6-hero-xtreme-200s.jpg"),
(16,"Pleasure + Xtec","Hero","Cruiser",2018,2690,"https://imgd.aeplcdn.com/1056x594/n/bw/models/colors/hero-select-model-matte-vernier-grey-1696328669417.jpg"),
(17,"Maestro Edge 125","Hero","Scooter",2018,2700,"https://media.zigcdn.com/media/model/2021/Jul/lest-side-view-1971098670_600x400.jpg"),
(18,"Pulsar","Bajaj","Touring",2018,3490,"https://cdn.bajajauto.com/-/media/assets/bajajauto/bikes/pulsar-150/gallery/images/popup-images/8.jpg"),
(19,"Dominar 400","Bajaj","Cruiser",2018,5400,"https://images.thequint.com/thequint%2F2017-01%2F95da723d-34c5-4437-9b3b-046efa9513fc%2F262a59db-a68d-4816-9c90-8fa83d1e3fb4.jpg"),
(20,"Dominar 250","Bajaj","Cruiser",2018,4400,"https://static.ticimax.cloud/54120/uploads/images/d250-sivi-sogutma-ozelligi-6.jpg"),
(21,"Avenger","Bajaj","Touring",2019,5499,"https://cdni.autocarindia.com/Utils/ImageResizer.ashx?n=https://cdni.autocarindia.com/ExtraImages/20210517051122_Bajaj_Avenger_160_1.jpg"),
(22,"Activa","Honda","Scooter",2019,2400,"https://images.carandbike.com/bike-images/large/honda/activa-125-fi/honda-activa-125-fi.jpg"),
(23,"Shine","Honda","Cruiser",2019,2690,"https://www.financialexpress.com/wp-content/uploads/2023/04/Honda-Shine-100-4.jpg"),
(24,"Unicorn","Honda","Cruiser",2019,3150,"https://www.webbikeworld.com/wp-content/uploads/2021/08/20190226123546_Honda-CB-Unicorn-150-ABS.jpg"),
(25,"Dio","Honda","Scooter",2019,2600,"https://media.zigcdn.com/media/model/2023/Jun/front-left-view-987320723_600x400.jpg"),
(26,"Hornet 2.0","Honda","Cruiser",2019,3780,"https://imgd.aeplcdn.com/1280x720/n/cw/ec/51652/honda-hornet-right-front-three-quarter1.jpeg"),
(27,"Hness CB350","Honda","Cruiser",2020,3560,"https://cdn.visordown.com/field/image/Honda%20HNess%20CB350%2023.jpg"),
(28,"CB300F","Honda","Cafe racer",2020,4400,"https://media.zigcdn.com/media/model/2023/Sep/lest-side-view-1909396380_600x400.jpg"),
(29,"CB350RS","Honda","Cafe racer",2020,4900,"https://cdni.autocarindia.com/Utils/ImageResizer.ashx?n=http%3A%2F%2Fcdni.autocarindia.com%2FReviews%2FHonda-CB350RS-3.jpg"),
(30,"CB300R","Honda","Cafe racer",2020,4300,"https://gaadiwaadi.com/wp-content/uploads/2021/06/2021-Honda-GB350-S-Pearl-Deep-Mud-Grey-2.jpg"),
(31,"CBR","Honda","Cafe racer",2020,4250,"https://5.imimg.com/data5/LH/OE/GLADMIN-30224663/honda-cbr-1000-rr-superbike.png"),
(32,"Goldwing","Honda","Sports tourer",2020,11900,"https://www.cyclenews.com/wp-content/uploads/2022/10/23-Honda-Gold-Wing-Tour_Black_RF34.jpg"),
(33,"Africa Twin","Honda","Sports tourer",2021,13900,"https://ridermagazine.com/wp-content/uploads/2018/07/mainWING0516.jpg"),
(34,"CB650R","Honda","Cafe racer",2021,11900,"https://i.ytimg.com/vi/lx8ygAcWo7o/maxresdefault.jpg"),
(35,"MT 15 V2","Yamaha","Sports",2021,5600,"https://imgd.aeplcdn.com/664x374/n/cw/ec/115871/mt-15-v2-right-side-view.jpeg"),
(36,"R15 V4","Yamaha","Sports",2021,5490,"https://imgd.aeplcdn.com/1280x720/n/cw/ec/103795/r15-right-front-three-quarter-13.jpeg"),
(37,"FZ S FI","Yamaha","Sports",2021,4980,"https://www.indiacarnews.com/wp-content/uploads/2019/12/Yamaha-FZ-S-FI.jpg"),
(38,"R15S","Yamaha","Cruiser",2021,4920,"https://bd.gaadicdn.com/upload/userfiles/images/6232e564af7f1.jpg"),
(39,"FZ X","Yamaha","Sports",2021,3980,"https://imgd.aeplcdn.com/1056x594/n/cw/ec/122101/yamaha-fz-x-right-side-view0.jpeg"),
(40,"FZ25","Yamaha","Sports",2021,3700,"https://imgd.aeplcdn.com/664x374/n/cw/ec/53845/right-side-view.jpeg"),
(41,"Ray ZR 125","Yamaha","Scooter",2022,2890,"https://imgd.aeplcdn.com/664x374/n/cw/ec/103097/ray-right-front-three-quarter-2.jpeg"),
(42,"Fascino 125","Yamaha","Scooter",2022,3190,"https://imgd.aeplcdn.com/1280x720/n/cw/ec/44240/yamaha-fascino-125-right-front-three-quarter-0.jpeg"),
(43,"Aerox 155","Yamaha","Scooter",2022,3200,"https://cdni.autocarindia.com/Utils/ImageResizer.ashx?n=https://cdni.autocarindia.com/ExtraImages/20220818065426_Ae2.jpg"),
(44,"Access 125","Suzuki","Scooter",2022,3080,"https://cdni.autocarindia.com/Utils/ImageResizer.ashx?n=https://cdni.autocarindia.com/ExtraImages/20160407042022_1.jpg"),
(45,"Gixxer SF","Suzuki","Cafe racer",2022,3990,"https://cdni.autocarindia.com/Utils/ImageResizer.ashx?n=https://cdni.autocarindia.com/ExtraImages/20190524024549_Suzuki-Gixxer-SF-250-silver.jpg"),
(46,"Burgman Street 125","Suzuki","Scooter",2022,3700,"https://i.ytimg.com/vi/jE5azauqyN8/maxresdefault.jpg"),
(47,"Gixxer","Suzuki","Cafe racer",2022,3890,"https://publisher.tbsnews.net/sites/default/files/styles/big_2/public/images/2023/07/22/dsc_0146.jpg"),
(48,"Katana","Suzuki","Cafe racer",2022,11990,"https://www.globalsuzuki.com/motorcycle/smgs/products/specialsite/2022katana/image/accessories_01.jpg"),
(49,"V-Strom 650 XT","Suzuki","Touring",2023,12100,"https://img.youtube.com/vi/6-oR7S9nRJY/maxresdefault.jpg"),
(50,"Duke 250","KTM","Sports",2023,4990,"https://autoshowtv.com.mx/wp-content/uploads/2023/10/KTM-Duke-250.jpg"),
(51,"390 Adventure","KTM","Touring",2023,5390,"https://cdni.autocarindia.com/Utils/ImageResizer.ashx?n=https://cdni.autocarindia.com/Reviews/KTM-390-Adventure-static.jpg"),
(52,"250 Adventure","KTM","Touring",2023,4690,"https://stat.overdrive.in/wp-content/uploads/2020/12/KTM-250-Adventure-road-test-review-10-900x506.jpg"),
(53,"42","Jawa","Bobber",2023,4890,"https://cdn.motor1.com/images/mgl/Ak2KmP/s3/jawa-yezdi-rolls-out-new-colorways-for-the-42-and-roadster.jpg"),
(54,"Standard","Jawa","Bobber",2023,5400,"https://imgd.aeplcdn.com/664x374/n/cw/ec/43353/jawa-standard-action-4.jpeg"),
(55,"Ninja","Kawasaki","Sports",2023,8990,"https://www.roadracingworld.com/wp-content/uploads/2023/01/24ZX400S_141GN1SRF3CG_A_27.high__1675199677.jpeg"),
(56,"Z900","Kawasaki","Sports",2023,15990,"https://www.zabikers.co.za/wp-content/uploads/2022/10/DSC4680-1.jpg"),
(57,"W800","Kawasaki","Cruiser",2023,18880,"https://smartcdn.gprod.postmedia.digital/driving/wp-content/uploads/2019/07/2019-kawasaki-w800-lead-2.jpg"),
(58,"Versys 1000","Kawasaki","Touring",2023,21800,"https://cdn.visordown.com/styles/amp_1200/s3/field/image/Kawasaki%20Versys%201000%20SE.jpg"),
(59,"Imperiale 400","Benelli","Cruiser",2017,5800,"https://media.zigcdn.com/media/model/2021/Sep/right-side-view-1997672416_930x620.jpg"),
(60,"TRK 251","Benelli","Sports",2017,6700,"https://lamoto.com.ar/wp-content/uploads/2022/03/Benelli-TRK-251.jpg"),
(61,"502C","Benelli","Sports",2017,8790,"https://mcn-images.bauersecure.com/wp-images/4801/1440x960/benelli-502c-10.jpg"),
(62,"Leoncino 500","Benelli","Sports",2017,8700,"https://49f44b141764baa2639d-7ed4c224bc1671c64dae8740f0861232.ssl.cf6.rackcdn.com/motorcycles/leoncino/gallery/Leoncino%20500%20E5%20Action%20Photo%20005.png"),
(63,"Panigale V4","Ducati","Sports",2017,13900,"https://bringatrailer.com/wp-content/uploads/2023/06/2023_ducati_panigale-v4-sp2_ducati-panigale-corsa-30-84883.jpg"),
(64,"SuperSport","Ducati","Sports",2017,34900,"https://www.cyclenews.com/wp-content/uploads/2021/07/2021-Ducati-SuperSport-950-S-right-side.jpg"),
(65,"Monster BS6","Ducati","Cafe racer",2017,31990,"https://imgd.aeplcdn.com/1056x594/n/cw/ec/103831/monster-bs6-left-front-three-quarter.jpeg"),
(66,"Scrambler","Ducati","Scrambler",2017,14890,"https://ultimatemotorcycling.com/wp-content/uploads/2019/11/2019-Ducati-Scrambler-Full-Throttle-Review-retro-motorcycle-7.jpg"),
(67,"Svartpilen 250","Husqvarna","Scrambler",2017,6700,"https://e0.pxfuel.com/wallpapers/612/216/desktop-wallpaper-husqvarna-svartpilen-250-first-look.jpg"),
(68,"Vitpilen 250","Husqvarna","Cafe racer",2019,6900,"https://i.pinimg.com/736x/9c/ab/6f/9cab6f0a6c5f9cfd53098346ee24c13b.jpg"),
(69,"Rocket 3","Triumph","Cafe racer",2019,16880,"https://triumph-mediakits.com/theme/img/cms/client/background-rocket-3-tfc.jpg"),
(70,"Trident 660","Triumph","Scrambler",2019,15970,"https://i.ytimg.com/vi/Po5n-cI9EQw/maxresdefault.jpg"),
(71,"Speed Triple 1200 RS","Triumph","Scrambler",2018,19990,"https://mcn-images.bauersecure.com/wp-images/5013/615x405/speed-triple-1200-rs-01.jpg"),
(72,"Tiger 900","Triumph","Sports tourer",2018,19500,"https://www.cyclenews.com/wp-content/uploads/2021/03/2021-Triumph-Tiger-900-Rally-Pro-Review.jpg"),
(73,"Bonneville","Triumph","Cruiser",2018,9900,"https://cloudfront-us-east-1.images.arcpublishing.com/octane/7IFA5RMFDFEC7G2PIMZIKU36J4.jpg"),
(74,"SXL 150","Vespa","Scooter",2018,3890,"https://stat.overdrive.in/wp-content/odgallery/2016/05/30723_Vespa_SXL_150_003.jpg"),
(75,"VXL 125","Vespa","Scooter",2018,3750,"https://compare.pricesofindia.com/src/wallpapers/vespa/vespa-vxl-125/Vespa-VXL-125-HD-Wallpapers-PricesOfIndia-2.jpg"),
(76,"VXL 150","Vespa","Scooter",2018,3990,"https://imgd.aeplcdn.com/664x374/bw/ec/26332/Vespa-VXL-150-Anniversary-Edition-Side-86536.jpg"),
(77,"Elegante 150","Vespa","Scooter",2020,3700,"https://stat.overdrive.in/wp-content/odgallery/2014/09/20710_IMG_1137.jpg");


INSERT INTO stocks(STORE_ID,PRODUCT_ID,QUANTITY) VALUES (1,1,27),
(1,2,5),  
(1,3,6),  
(1,4,23), 
(1,5,22), 
(1,6,0),  
(1,7,8),  
(1,8,0),  
(1,9,11), 
(1,10,15),
(1,11,8), 
(1,12,16),
(1,13,13),
(1,14,8), 
(1,15,3), 
(1,16,4), 
(1,17,2), 
(1,18,16),
(1,19,4), 
(1,20,26),
(1,21,24),
(1,22,29),
(1,23,9), 
(1,24,10),
(1,25,10),
(1,26,16),
(1,27,21),
(1,28,20),
(1,29,13),
(1,30,30),
(1,31,2), 
(1,32,0), 
(1,33,10),
(1,34,2), 
(1,35,18),
(1,36,26),
(1,37,12),
(1,38,13),
(1,39,2), 
(1,40,24),
(1,41,10),
(1,42,0), 
(1,43,2), 
(1,44,1), 
(1,45,15),
(1,46,19),
(1,47,21),
(1,48,5), 
(1,49,8), 
(1,50,29),
(1,51,2), 
(1,52,18),
(1,53,17),
(1,54,11),
(1,55,11),
(1,56,15),
(1,57,1), 
(1,58,1), 
(1,59,22),
(1,60,19),
(1,61,30),
(1,62,21),
(1,63,4), 
(1,64,30),
(1,65,10),
(1,66,12),
(1,67,19),
(1,68,30),
(1,69,4), 
(1,70,3), 
(1,71,25),
(1,72,9), 
(1,73,7), 
(1,74,9), 
(1,75,23),
(1,76,15),
(1,77,16),
(2,1,14), 
(2,2,16), 
(2,3,28), 
(2,4,2),  
(2,5,1),  
(2,6,11), 
(2,7,8),  
(2,8,1),  
(2,9,17), 
(2,10,13),
(2,11,21),
(2,12,2), 
(2,13,1), 
(2,14,18),
(2,15,6), 
(2,16,20),
(2,17,3), 
(2,18,13),
(2,19,15),
(2,20,20),
(2,21,16),
(2,22,0), 
(2,23,12),
(2,24,16),
(2,25,18),
(2,26,2), 
(2,27,10),
(2,28,25),
(2,29,29),
(2,30,17),
(2,31,10),
(2,32,13),
(2,33,8), 
(2,34,24),
(2,35,25),
(2,36,15),
(2,37,5), 
(2,38,18),
(2,39,28),
(2,40,15),
(2,41,6), 
(2,42,16),
(2,43,2), 
(2,44,24),
(2,45,13),
(2,46,18),
(2,47,0), 
(2,48,20),
(2,49,4), 
(2,50,7), 
(2,51,8), 
(2,52,23),
(2,53,19),
(2,54,6), 
(2,55,5), 
(2,56,20),
(2,57,27),
(2,58,15),
(2,59,17),
(2,60,1), 
(2,61,20),
(2,62,4), 
(2,63,5), 
(2,64,30),
(2,65,16),
(2,66,22),
(2,67,8), 
(2,68,23),
(2,69,22),
(2,70,6), 
(2,71,30),
(2,72,1), 
(2,73,20),
(2,74,23),
(2,75,11),
(2,76,20),
(2,77,25),
(3,1,14), 
(3,2,24), 
(3,3,0),  
(3,4,11), 
(3,5,3),  
(3,6,27), 
(3,7,12), 
(3,8,12), 
(3,9,23), 
(3,10,21),
(3,11,30),
(3,12,30),
(3,13,19),
(3,14,4), 
(3,15,22),
(3,16,19),
(3,17,22),
(3,18,5), 
(3,19,24),
(3,20,19),
(3,21,8), 
(3,22,20),
(3,23,8), 
(3,24,18),
(3,25,15),
(3,26,27),
(3,27,21),
(3,28,20),
(3,29,11),
(3,30,23),
(3,31,10),
(3,32,14),
(3,33,14),
(3,34,6), 
(3,35,3), 
(3,36,28),
(3,37,30),
(3,38,23),
(3,39,22),
(3,40,2), 
(3,41,25),
(3,42,9), 
(3,43,26),
(3,44,26),
(3,45,1), 
(3,46,16),
(3,47,14),
(3,48,2), 
(3,49,4), 
(3,50,25),
(3,51,2), 
(3,52,8), 
(3,53,6), 
(3,54,13),
(3,55,5), 
(3,56,19),
(3,57,9), 
(3,58,27),
(3,59,0), 
(3,60,7), 
(3,61,28),
(3,62,4), 
(3,63,8), 
(3,64,22),
(3,65,1), 
(3,66,3), 
(3,67,6), 
(3,68,18),
(3,69,29),
(3,70,2), 
(3,71,13),
(3,72,6), 
(3,73,3), 
(3,74,17),
(3,75,29),
(3,76,23),
(3,77,23);

INSERT INTO staff VALUES 

(1,"Fabiola","Jackson","fabiola.jackson@bikes.shop","(831) 555-5554",1,"Fabiola",NULL,"https://3.bp.blogspot.com/_WvywD6LMh2c/TTsDuUJbrhI/AAAAAAAAAGQ/4jemPE2_lZk/s1600/tamana-5.jpg",NULL),
(2,"Mireya","Copeland","mireya.copeland@bikes.shop","(831) 555-5555",1,"Mireya",NULL,"https://content.tupaki.com/twdata/2018/1118/photos/actress/Kajal%20Agarwal%20Photos/normal/Kajal%20Agarwal%20Photos_37.jpg",NULL),
(3,"Genna","Serrano","genna.serrano@bikes.shop","(831) 555-5556",1,"Genna",NULL,"https://i.pinimg.com/originals/ce/9b/68/ce9b681d9e62083d89e10def3ba41ecd.jpg",NULL),
(4,"Virgie","Wiggins","virgie.wiggins@bikes.shop","(831) 555-5557",1,"Virgie",NULL,"https://images.news18.com/ibnlive/uploads/2022/10/mahesh-babu-2.jpg",NULL),
(5,"Jannette","David","jannette.david@bikes.shop","(516) 379-4444",2,"Jannette",NULL,"https://m.media-amazon.com/images/M/MV5BNzg1MTUyNDYxOF5BMl5BanBnXkFtZTgwNTQ4MTE2MjE@._V1_.jpg",NULL),
(6,"Marcelene","Boyer","marcelene.boyer@bikes.shop","(516) 379-4445",2,"Marcelene",NULL,"https://pbs.twimg.com/profile_images/1585684687896608768/S8lYnmDv_400x400.jpg",NULL),
(7,"Venita","Daniel","venita.daniel@bikes.shop","(516) 379-4446",2,"Venita",NULL,"https://resize.indiatvnews.com/en/resize/newbucket/1080_-/2023/03/ram-charan-9-1679042676.jpg",NULL),
(8,"Kali","Vargas","kali.vargas@bikes.shop","(972) 530-5555",3,"Kali",NULL,"https://upload.wikimedia.org/wikipedia/commons/9/9a/Nani_at_an_interview_for_film_companion_%28cropped%29.png",NULL),
(9,"Layla","Terrell","layla.terrell@bikes.shop","(972) 530-5556",3,"Layla",NULL,"https://wallpapers.com/images/featured/pushpa-allu-arjun-71flc7rr1jx6wtuj.jpg",NULL),
(10,"Bernardine","Houston","bernardine.houston@bikes.shop","(972) 530-5557",3,"Bernardine",NULL,"https://www.unwomen.org/sites/default/files/2022-10/UN-Women-Goodwill-Ambassador-Emma-Watson-Credit-Celeste-Sloman-853x1280.jpg",NULL);

INSERT INTO customers VALUES 
(1,"Debra","Burks",NULL,"debra.burks@yahoo.com","9273 Thorne Ave. ","Orchard Park","NY",14127),
(2,"Kasha","Todd",NULL,"kasha.todd@yahoo.com","910 Vine Street ","Campbell","CA",95008),
(3,"Tameka","Fisher",NULL,"tameka.fisher@aol.com","769C Honey Creek St. ","Redondo Beach","CA",90278),
(4,"Daryl","Spence",NULL,"daryl.spence@aol.com","988 Pearl Lane ","Uniondale","NY",11553),
(5,"Charolette","Rice","(916) 381-6003","charolette.rice@msn.com","107 River Dr. ","Sacramento","CA",95820),
(6,"Lyndsey","Bean",NULL,"lyndsey.bean@hotmail.com","769 West Road ","Fairport","NY",14450),
(7,"Latasha","Hays","(716) 986-3359","latasha.hays@hotmail.com","7014 Manor Station Rd. ","Buffalo","NY",14215),
(8,"Jacquline","Duncan",NULL,"jacquline.duncan@yahoo.com","15 Brown St. ","Jackson Heights","NY",11372),
(9,"Genoveva","Baldwin",NULL,"genoveva.baldwin@msn.com","8550 Spruce Drive ","Port Washington","NY",11050),
(10,"Pamelia","Newman",NULL,"pamelia.newman@gmail.com","476 Chestnut Ave. ","Monroe","NY",10950),
(11,"Deshawn","Mendoza",NULL,"deshawn.mendoza@yahoo.com","8790 Cobblestone Street ","Monsey","NY",10952),
(12,"Robby","Sykes","(516) 583-7761","robby.sykes@hotmail.com","486 Rock Maple Street ","Hempstead","NY",11550),
(13,"Lashawn","Ortiz",NULL,"lashawn.ortiz@msn.com","27 Washington Rd. ","Longview","TX",75604),
(14,"Garry","Espinoza",NULL,"garry.espinoza@hotmail.com","7858 Rockaway Court ","Forney","TX",75126),
(15,"Linnie","Branch",NULL,"linnie.branch@gmail.com","314 South Columbia Ave. ","Plattsburgh","NY",12901),
(16,"Emmitt","Sanchez","(212) 945-8823","emmitt.sanchez@hotmail.com","461 Squaw Creek Road ","New York","NY",10002),
(17,"Caren","Stephens",NULL,"caren.stephens@msn.com","914 Brook St. ","Scarsdale","NY",10583),
(18,"Georgetta","Hardin",NULL,"georgetta.hardin@aol.com","474 Chapel Dr. ","Canandaigua","NY",14424),
(19,"Lizzette","Stein",NULL,"lizzette.stein@yahoo.com","19 Green Hill Lane ","Orchard Park","NY",14127),
(20,"Aleta","Shepard",NULL,"aleta.shepard@aol.com","684 Howard St. ","Sugar Land","TX",77478),
(21,"Tobie","Little",NULL,"tobie.little@gmail.com","10 Silver Spear Dr. ","Victoria","TX",77904),
(22,"Adelle","Larsen",NULL,"adelle.larsen@gmail.com","683 West Kirkland Dr. ","East Northport","NY",11731),
(23,"Kaylee","English",NULL,"kaylee.english@msn.com","8786 Fulton Rd. ","Hollis","NY",11423),
(24,"Corene","Wall",NULL,"corene.wall@msn.com","9601 Ocean Rd. ","Atwater","CA",95301),
(25,"Regenia","Vaughan",NULL,"regenia.vaughan@gmail.com","44 Stonybrook Street ","Mahopac","NY",10541),
(26,"Theo","Reese","(562) 215-2907","theo.reese@gmail.com","8755 W. Wild Horse St. ","Long Beach","NY",11561),
(27,"Santos","Valencia",NULL,"santos.valencia@yahoo.com","7479 Carpenter Street ","Sunnyside","NY",11104),
(28,"Jeanice","Frost",NULL,"jeanice.frost@hotmail.com","76 Devon Lane ","Ossining","NY",10562),
(29,"Syreeta","Hendricks",NULL,"syreeta.hendricks@msn.com","193 Spruce Road ","Mahopac","NY",10541),
(30,"Jamaal","Albert",NULL,"jamaal.albert@gmail.com","853 Stonybrook Street ","Torrance","CA",90505),
(31,"Williemae","Holloway","(510) 246-8375","williemae.holloway@msn.com","69 Cypress St. ","Oakland","CA",94603),
(32,"Araceli","Golden",NULL,"araceli.golden@msn.com","12 Ridgeview Ave. ","Fullerton","CA",92831),
(33,"Deloris","Burke",NULL,"deloris.burke@hotmail.com","895 Edgemont Drive ","Palos Verdes Peninsula","CA",90274),
(34,"Brittney","Woodward",NULL,"brittney.woodward@aol.com","960 River St. ","East Northport","NY",11731),
(35,"Guillermina","Noble",NULL,"guillermina.noble@msn.com","6 Del Monte Lane ","Baldwinsville","NY",13027),
(36,"Bernita","Mcdaniel",NULL,"bernita.mcdaniel@hotmail.com","2 Peg Shop Ave. ","Liverpool","NY",13090),
(37,"Melia","Brady",NULL,"melia.brady@gmail.com","907 Shirley Rd. ","Maspeth","NY",11378),
(38,"Zelma","Browning",NULL,"zelma.browning@aol.com","296 Second Street ","Astoria","NY",11102),
(39,"Janetta","Aguirre","(717) 670-2634","janetta.aguirre@aol.com","214 Second Court ","Lancaster","NY",14086),
(40,"Ronna","Butler",NULL,"ronna.butler@gmail.com","9438 Plymouth Court ","Encino","CA",91316),
(41,"Kathie","Freeman",NULL,"kathie.freeman@msn.com","667 Temple Dr. ","Queensbury","NY",12804),
(42,"Tangela","Quinn",NULL,"tangela.quinn@aol.com","4 S. Purple Finch Road ","Richmond Hill","NY",11418),
(43,"Mozelle","Carter","(281) 489-9656","mozelle.carter@aol.com","895 Chestnut Ave. ","Houston","TX",77016),
(44,"Onita","Johns",NULL,"onita.johns@msn.com","32 Glen Creek Lane ","Elmont","NY",11003),
(45,"Bennett","Armstrong",NULL,"bennett.armstrong@aol.com","688 Walnut Street ","Bethpage","NY",11714),
(46,"Monika","Berg",NULL,"monika.berg@gmail.com","369 Vernon Dr. ","Encino","CA",91316),
(47,"Bridgette","Guerra",NULL,"bridgette.guerra@hotmail.com","9982 Manor Drive ","San Lorenzo","CA",94580),
(48,"Cesar","Jackson",NULL,"cesar.jackson@gmail.com","8068 N. Griffin Ave. ","Liverpool","NY",13090),
(49,"Caroll","Hays",NULL,"caroll.hays@yahoo.com","9381 Wrangler St. ","Fairport","NY",14450),
(50,"Cleotilde","Booth",NULL,"cleotilde.booth@gmail.com","17 Corona St. ","Sugar Land","TX",77478),
(51,"Gertrud","Rhodes",NULL,"gertrud.rhodes@aol.com","9961 Meadowbrook Street ","Merrick","NY",11566),
(52,"Tu","Ramirez",NULL,"tu.ramirez@hotmail.com","24 W. Courtland Street ","East Elmhurst","NY",11369),
(53,"Saturnina","Garner",NULL,"saturnina.garner@gmail.com","8538 Fairground St. ","Glendora","CA",91740),
(54,"Fran","Yang",NULL,"fran.yang@hotmail.com","440 Pearl St. ","Utica","NY",13501),
(55,"Diana","Guerra",NULL,"diana.guerra@hotmail.com","45 Chapel Ave. ","Merrick","NY",11566),
(56,"Lolita","Mosley","(281) 363-3309","lolita.mosley@hotmail.com","376 S. High Ridge St. ","Houston","TX",77016),
(57,"Pamala","Henry",NULL,"pamala.henry@aol.com","197 Bridgeton Ave. ","Bronx","NY",10451),
(58,"Damien","Dorsey",NULL,"damien.dorsey@yahoo.com","161 Old York Street ","Central Islip","NY",11722),
(59,"Latasha","Stanley",NULL,"latasha.stanley@gmail.com","8068 Fordham Drive ","Rockville Centre","NY",11570),
(60,"Neil","Mccall",NULL,"neil.mccall@gmail.com","7476 Oakland Dr. ","San Carlos","CA",94070),
(61,"Elinore","Aguilar",NULL,"elinore.aguilar@msn.com","9766 Rockcrest Ave. ","San Angelo","TX",76901),
(62,"Alica","Hunter",NULL,"alica.hunter@hotmail.com","8 San Juan Drive ","East Elmhurst","NY",11369),
(63,"Tenisha","Lyons",NULL,"tenisha.lyons@aol.com","78 E. Rock Creek Street ","Amityville","NY",11701),
(64,"Bobbie","Foster",NULL,"bobbie.foster@yahoo.com","988 Pineknoll Ave. ","Desoto","TX",75115),
(65,"Kanesha","Vega",NULL,"kanesha.vega@gmail.com","771 E. Oxford Drive ","Rome","NY",13440),
(66,"Lorrie","Becker",NULL,"lorrie.becker@yahoo.com","19 North Court ","Garland","TX",75043),
(67,"Tommie","Melton","(916) 802-2952","tommie.melton@gmail.com","8 West Old York St. ","Sacramento","CA",95820),
(68,"Jayne","Kirkland",NULL,"jayne.kirkland@hotmail.com","7800 Second Lane ","Rowlett","TX",75088),
(69,"Katelin","Kennedy",NULL,"katelin.kennedy@gmail.com","286 Myrtle Lane ","Rocklin","CA",95677),
(70,"Tomasa","Carson",NULL,"tomasa.carson@aol.com","10 Clark Avenue ","East Elmhurst","NY",11369),
(71,"Takako","Casey",NULL,"takako.casey@aol.com","7548 Court Lane ","Bronx","NY",10451),
(72,"Petronila","Norris",NULL,"petronila.norris@aol.com","72 South Marshall Lane ","South El Monte","CA",91733),
(73,"Melanie","Hayes",NULL,"melanie.hayes@msn.com","5 N. Hall Dr. ","Liverpool","NY",13090),
(74,"Georgeann","Waller",NULL,"georgeann.waller@yahoo.com","9797 Bald Hill Ave. ","North Tonawanda","NY",14120),
(75,"Abby","Gamble",NULL,"abby.gamble@aol.com","60 Myers Dr. ","Amityville","NY",11701),
(76,"Parker","Prince",NULL,"parker.prince@hotmail.com","21 Sulphur Springs Drive ","Port Jefferson Station","NY",11776),
(77,"Keri","Bridges",NULL,"keri.bridges@gmail.com","8504 Brickell Ave. ","Richardson","TX",75080),
(78,"Chi","Goff",NULL,"chi.goff@aol.com","3 W. Glen Ridge Avenue ","Palos Verdes Peninsula","CA",90274),
(79,"Ashanti","Parks",NULL,"ashanti.parks@hotmail.com","846 N. Helen St. ","Baldwin","NY",11510),
(80,"Sarai","Mckee","(716) 912-8110","sarai.mckee@msn.com","641 Glenwood Avenue ","Buffalo","NY",14215),
(81,"Zina","Bonner",NULL,"zina.bonner@hotmail.com","9312 8th Street ","San Lorenzo","CA",94580),
(82,"Lizzie","Joyner",NULL,"lizzie.joyner@msn.com","8541 Roberts St. ","Coachella","CA",92236),
(83,"Tiesha","Daniel",NULL,"tiesha.daniel@yahoo.com","6 West Bohemia Lane ","Scarsdale","NY",10583),
(84,"Armand","Whitehead",NULL,"armand.whitehead@hotmail.com","639 Harvey St. ","Lindenhurst","NY",11757),
(85,"Teofila","Fischer",NULL,"teofila.fischer@aol.com","1 West Brickyard St. ","Huntington Station","NY",11746),
(86,"Lissa","Vargas",NULL,"lissa.vargas@yahoo.com","517 Victoria Ave. ","Oswego","NY",13126),
(87,"Yan","Mcgowan",NULL,"yan.mcgowan@msn.com","8960 Newport Ave. ","Duarte","CA",91010),
(88,"Titus","Bullock",NULL,"titus.bullock@gmail.com","29 Oxford Avenue ","Hollis","NY",11423),
(89,"Arvilla","Osborn",NULL,"arvilla.osborn@gmail.com","60 Acacia Lane ","Upland","CA",91784),
(90,"Marjorie","Logan",NULL,"marjorie.logan@msn.com","95 Grandrose St. ","Franklin Square","NY",11010),
(91,"Marvin","Mullins","(619) 635-2027","marvin.mullins@aol.com","7489 Redwood Drive ","San Diego","CA",92111),
(92,"Tena","Cruz",NULL,"tena.cruz@yahoo.com","1 South St. ","Farmingdale","NY",11735),
(93,"Corrina","Sawyer","(248) 370-1364","corrina.sawyer@yahoo.com","95 Briarwood Lane ","Troy","NY",12180),
(94,"Sharyn","Hopkins",NULL,"sharyn.hopkins@hotmail.com","4 South Temple Ave. ","Baldwinsville","NY",13027),
(95,"Letitia","Franco",NULL,"letitia.franco@aol.com","607 Lakeview Drive ","Saratoga Springs","NY",12866),
(96,"Floretta","Higgins",NULL,"floretta.higgins@hotmail.com","870 Lilac Dr. ","Bayside","NY",11361),
(97,"Louanne","Martin",NULL,"louanne.martin@hotmail.com","1 Campfire Ave. ","Yuba City","CA",95993),
(98,"Violet","Valenzuela",NULL,"violet.valenzuela@msn.com","8668 Piper Street ","Plattsburgh","NY",12901),
(99,"Carie","Kidd",NULL,"carie.kidd@yahoo.com","6 East Clinton Street ","Monroe","NY",10950),
(100,"Kellie","Franco",NULL,"kellie.franco@yahoo.com","444 South Walnut Rd. ","Commack","NY",11725),
(101,"Nichelle","Howell",NULL,"nichelle.howell@aol.com","7670 Forest St. ","Scarsdale","NY",10583),
(102,"Marisol","Goodman",NULL,"marisol.goodman@gmail.com","864 East Cherry St. ","Canandaigua","NY",14424),
(103,"Sylvie","Wilkerson",NULL,"sylvie.wilkerson@yahoo.com","750 Central Ave. ","Syosset","NY",11791),
(104,"Katharina","Bates",NULL,"katharina.bates@gmail.com","54 South Greenview Drive ","Campbell","CA",95008),
(105,"Marget","Hodge",NULL,"marget.hodge@msn.com","7199 Selby Lane ","Woodhaven","NY",11421),
(106,"Raul","Melendez",NULL,"raul.melendez@hotmail.com","9772 Manhattan St. ","Elmhurst","NY",11373),
(107,"Cecil","Hopper",NULL,"cecil.hopper@yahoo.com","471 Glenlake Ave. ","Central Islip","NY",11722),
(108,"Shae","Hickman",NULL,"shae.hickman@hotmail.com","740 Pin Oak Street ","Floral Park","NY",11001),
(109,"Monica","Sears","(408) 704-8863","monica.sears@aol.com","57 Glenholme St. ","San Jose","CA",95127),
(110,"Ollie","Zimmerman","(657) 648-2863","ollie.zimmerman@yahoo.com","69 Wood Rd. ","Anaheim","CA",92806),
(111,"Shila","White",NULL,"shila.white@msn.com","94 Lakeshore Street ","Orchard Park","NY",14127),
(112,"Yuk","Vega",NULL,"yuk.vega@yahoo.com","413 Wood St. ","West Hempstead","NY",11552),
(113,"Eliana","Silva",NULL,"eliana.silva@gmail.com","7119 Summer Rd. ","Farmingdale","NY",11735),
(114,"Thalia","Horne",NULL,"thalia.horne@yahoo.com","9312 Harvard Street ","Amityville","NY",11701),
(115,"Rey","Lindsay",NULL,"rey.lindsay@gmail.com","16 Philmont St. ","Monroe","NY",10950),
(116,"Merlene","Vinson",NULL,"merlene.vinson@gmail.com","431 Vine Dr. ","Euless","TX",76039),
(117,"Dacia","William",NULL,"dacia.william@msn.com","62 Cypress Drive ","Sugar Land","TX",77478),
(118,"Le","Wood",NULL,"le.wood@yahoo.com","90 Primrose Dr. ","Pittsford","NY",14534),
(119,"Thalia","Dillard",NULL,"thalia.dillard@yahoo.com","987 NE. Gates Street ","San Angelo","TX",76901),
(120,"Luz","House","(559) 114-2580","luz.house@gmail.com","491 Railroad Street ","Fresno","CA",93706),
(121,"Lucy","Woods",NULL,"lucy.woods@gmail.com","8437 West Rockaway St. ","Palos Verdes Peninsula","CA",90274),
(122,"Shena","Carter",NULL,"shena.carter@yahoo.com","72 University Road ","Howard Beach","NY",11414),
(123,"Robena","Hill","(361) 598-4414","robena.hill@hotmail.com","263 Cross St. ","Corpus Christi","TX",78418),
(124,"Jeni","Booker",NULL,"jeni.booker@gmail.com","546 Railroad Dr. ","South El Monte","CA",91733),
(125,"Herlinda","Stone",NULL,"herlinda.stone@msn.com","725 Gulf St. ","Canandaigua","NY",14424),
(126,"Lavina","Dejesus",NULL,"lavina.dejesus@msn.com","59 E. Valley Avenue ","Newburgh","NY",12550),
(127,"Erlinda","Nielsen",NULL,"erlinda.nielsen@aol.com","728 Oxford Lane ","Maspeth","NY",11378),
(128,"Terrance","Lynn",NULL,"terrance.lynn@yahoo.com","91 East Buckingham Drive ","Plattsburgh","NY",12901),
(129,"Walton","Dejesus",NULL,"walton.dejesus@yahoo.com","15 Washington Rd. ","Lockport","NY",14094),
(130,"Wes","Stanton","(248) 247-5074","wes.stanton@msn.com","8662 Tunnel Street ","Troy","NY",12180),
(131,"Tanesha","Hampton",NULL,"tanesha.hampton@hotmail.com","19 Belmont Ave. ","Syosset","NY",11791),
(132,"Boyd","Irwin",NULL,"boyd.irwin@hotmail.com","221 Whitemarsh St. ","Hamburg","NY",14075),
(133,"Delbert","Wilkins",NULL,"delbert.wilkins@aol.com","420 Greenview St. ","Coram","NY",11727),
(134,"Brianna","Moss","(516) 156-8031","brianna.moss@msn.com","4 Longfellow St. ","Hempstead","NY",11550),
(135,"Dorthey","Jackson","(281) 926-8010","dorthey.jackson@msn.com","9768 Brookside St. ","Houston","TX",77016),
(136,"Sarita","Parks",NULL,"sarita.parks@msn.com","7809 Second Lane ","Forney","TX",75126),
(137,"Shonta","Mercer",NULL,"shonta.mercer@aol.com","319 NE. La Sierra Avenue ","Massapequa","NY",11758),
(138,"Jone","Bernard","(657) 536-5165","jone.bernard@hotmail.com","99 Longbranch Court ","Anaheim","CA",92806),
(139,"Wanita","Davenport",NULL,"wanita.davenport@aol.com","525 Dogwood Ave. ","Spring Valley","NY",10977),
(140,"Cleopatra","Tate",NULL,"cleopatra.tate@aol.com","97 N. Glenwood St. ","East Elmhurst","NY",11369),
(141,"Ramiro","Byers",NULL,"ramiro.byers@gmail.com","16 Pleasant St. ","Saint Albans","NY",11412),
(142,"Nicholas","Vazquez",NULL,"nicholas.vazquez@hotmail.com","9 Roosevelt Street ","West Hempstead","NY",11552),
(143,"Janae","Doyle",NULL,"janae.doyle@gmail.com","760 Rose Ave. ","Jackson Heights","NY",11372),
(144,"Hans","Price",NULL,"hans.price@hotmail.com","51 Glendale Road ","Port Chester","NY",10573),
(145,"Miquel","Neal",NULL,"miquel.neal@hotmail.com","9564 Deerfield Lane ","Staten Island","NY",10301),
(146,"Stefany","Potter",NULL,"stefany.potter@gmail.com","256 South Academy St. ","Saratoga Springs","NY",12866),
(147,"Bernetta","Marquez",NULL,"bernetta.marquez@hotmail.com","626 E. Dunbar Street ","Smithtown","NY",11787),
(148,"Julee","Woodard",NULL,"julee.woodard@yahoo.com","869 Summerhouse Dr. ","Richmond Hill","NY",11418),
(149,"Meredith","Bryan",NULL,"meredith.bryan@hotmail.com","8935 E. Oxford St. ","Spring Valley","NY",10977),
(150,"Weldon","Michael",NULL,"weldon.michael@hotmail.com","9952 Nut Swamp St. ","Huntington","NY",11743),
(151,"Joesph","Delacruz",NULL,"joesph.delacruz@aol.com","184 Cypress Street ","Atwater","CA",95301),
(152,"Katherina","Odom",NULL,"katherina.odom@yahoo.com","897 N. Oak Drive ","Plainview","NY",11803),
(153,"Laraine","Robbins",NULL,"laraine.robbins@yahoo.com","8214 E. Pin Oak Lane ","San Angelo","TX",76901),
(154,"Jenise","Preston",NULL,"jenise.preston@yahoo.com","9 Littleton Drive ","Helotes","TX",78023),
(155,"Lory","Page",NULL,"lory.page@hotmail.com","58 Summerhouse Street ","Bay Shore","NY",11706),
(156,"Charlyn","Cantrell",NULL,"charlyn.cantrell@yahoo.com","8756 Euclid St. ","West Islip","NY",11795),
(157,"Carola","Rodriquez",NULL,"carola.rodriquez@hotmail.com","9433 Heritage Lane ","Banning","CA",92220),
(158,"Alane","Kennedy",NULL,"alane.kennedy@yahoo.com","34 Green Lake Street ","Spring Valley","NY",10977),
(159,"Regina","Burns",NULL,"regina.burns@aol.com","713 Buckingham St. ","Garland","TX",75043),
(160,"Omer","Estrada",NULL,"omer.estrada@gmail.com","9 Honey Creek Street ","Rowlett","TX",75088),
(161,"Crystle","Gilliam",NULL,"crystle.gilliam@yahoo.com","86 Edgewater Road ","Smithtown","NY",11787),
(162,"Kam","Wilder",NULL,"kam.wilder@hotmail.com","500 West Clay Ave. ","Newburgh","NY",12550),
(163,"Margert","Stevens",NULL,"margert.stevens@aol.com","502 North Poplar St. ","Rome","NY",13440),
(164,"Tomika","Larson",NULL,"tomika.larson@yahoo.com","254 Canal St. ","Woodside","NY",11377),
(165,"Jeromy","Burch","(408) 955-8238","jeromy.burch@msn.com","889 Mulberry Street ","San Jose","CA",95127),
(166,"Lena","Mills",NULL,"lena.mills@yahoo.com","42 Homestead St. ","Woodhaven","NY",11421),
(167,"Loreta","Johnston",NULL,"loreta.johnston@yahoo.com","39 Lafayette Dr. ","Spring Valley","NY",10977),
(168,"Nettie","Mcdaniel",NULL,"nettie.mcdaniel@hotmail.com","7004 E. Wakehurst St. ","South Ozone Park","NY",11420),
(169,"Karla","Kirk",NULL,"karla.kirk@yahoo.com","9718 Harvard Rd. ","Palos Verdes Peninsula","CA",90274),
(170,"Regine","Gonzales","(805) 763-4045","regine.gonzales@gmail.com","798 Court Drive ","Oxnard","CA",93035),
(171,"Miriam","Baker",NULL,"miriam.baker@hotmail.com","90 Studebaker St. ","Uniondale","NY",11553),
(172,"Jeanie","Kirkland",NULL,"jeanie.kirkland@aol.com","7643 Old Theatre St. ","Santa Clara","CA",95050),
(173,"Marquerite","Dawson",NULL,"marquerite.dawson@gmail.com","37 Hamilton Court ","Garland","TX",75043),
(174,"Babara","Ochoa",NULL,"babara.ochoa@aol.com","872 Smith Store St. ","Scarsdale","NY",10583),
(175,"Nova","Hess",NULL,"nova.hess@msn.com","773 South Lafayette St. ","Duarte","CA",91010),
(176,"Carley","Reynolds",NULL,"carley.reynolds@gmail.com","2 Snake Hill Drive ","South El Monte","CA",91733),
(177,"Carissa","Foreman",NULL,"carissa.foreman@msn.com","69C N. Ridge Rd. ","Maspeth","NY",11378),
(178,"Genoveva","Tyler","(212) 152-6381","genoveva.tyler@gmail.com","8121 Windfall Ave. ","New York","NY",10002),
(179,"Deane","Sears",NULL,"deane.sears@hotmail.com","3 Bradford Court ","Pittsford","NY",14534),
(180,"Karey","Steele",NULL,"karey.steele@gmail.com","8879 Kent Lane ","Farmingdale","NY",11735),
(181,"Olevia","Pitts",NULL,"olevia.pitts@gmail.com","39 Fieldstone Drive ","Redondo Beach","CA",90278),
(182,"Jenniffer","Bullock",NULL,"jenniffer.bullock@msn.com","38 Oxford Avenue ","Bay Shore","NY",11706),
(183,"Jeniffer","Ratliff",NULL,"jeniffer.ratliff@gmail.com","510 Rocky River Court ","Floral Park","NY",11001),
(184,"Klara","Stanley",NULL,"klara.stanley@aol.com","603 Mechanic St. ","Webster","NY",14580),
(185,"Morton","Lee",NULL,"morton.lee@yahoo.com","313 Ridge St. ","San Angelo","TX",76901),
(186,"Ken","Charles",NULL,"ken.charles@msn.com","9124 W. Piper Lane ","Monsey","NY",10952),
(187,"Hedwig","Paul",NULL,"hedwig.paul@msn.com","422 Manor Ave. ","Apple Valley","CA",92307),
(188,"Sharla","Flynn","(805) 478-7724","sharla.flynn@hotmail.com","7 Brown Drive ","Oxnard","CA",93035),
(189,"Damian","Dawson",NULL,"damian.dawson@hotmail.com","528 St Margarets Street ","Liverpool","NY",13090),
(190,"Toya","Pratt","(562) 218-6405","toya.pratt@yahoo.com","485 San Pablo Drive ","Long Beach","NY",11561),
(191,"Graciela","Barber","(805) 656-6987","graciela.barber@hotmail.com","1 E. Young St. ","Oxnard","CA",93035),
(192,"Bong","Hebert",NULL,"bong.hebert@gmail.com","545 Brook St. ","Torrance","CA",90505),
(193,"Ayanna","Rhodes",NULL,"ayanna.rhodes@msn.com","7425 Pheasant St. ","Hicksville","NY",11801),
(194,"Dorine","Roberson",NULL,"dorine.roberson@msn.com","396 Meadowbrook Lane ","Santa Cruz","CA",95060),
(195,"Addie","Hahn",NULL,"addie.hahn@hotmail.com","8165 Baker Ave. ","Franklin Square","NY",11010),
(196,"Edythe","Valencia",NULL,"edythe.valencia@yahoo.com","9346 Wall St. ","North Tonawanda","NY",14120),
(197,"Andy","O'neill",NULL,"andy.o'neill@msn.com","9544 Mulberry Drive ","Rego Park","NY",11374),
(198,"Luis","Tyler",NULL,"luis.tyler@gmail.com","9568 Campfire Circle ","Amarillo","TX",79106),
(199,"Clelia","Workman",NULL,"clelia.workman@yahoo.com","620 North Somerset St. ","New Windsor","NY",12553),
(200,"Ashely","Holmes",NULL,"ashely.holmes@aol.com","45 High Ridge Ave. ","Farmingdale","NY",11735),
(201,"Candis","Harding",NULL,"candis.harding@gmail.com","33 NW. Cambridge Ave. ","Ballston Spa","NY",12020),
(202,"Marni","Bolton","(717) 670-6268","marni.bolton@msn.com","7469 Plymouth Ave. ","Lancaster","NY",14086),
(203,"Minerva","Decker","(281) 271-6390","minerva.decker@yahoo.com","794 Greenrose Street ","Houston","TX",77016),
(204,"Alpha","King",NULL,"alpha.king@hotmail.com","14 Henry Smith St. ","Rockville Centre","NY",11570),
(205,"Harris","Pittman",NULL,"harris.pittman@yahoo.com","404 Cherry Hill Road ","Jamaica","NY",11432),
(206,"Stephaine","Riddle",NULL,"stephaine.riddle@hotmail.com","199 Vermont Court ","Brooklyn","NY",11201),
(207,"Michel","Blankenship",NULL,"michel.blankenship@msn.com","382 West Hill Dr. ","Forney","TX",75126),
(208,"Denis","Logan",NULL,"denis.logan@msn.com","121 Rockcrest Street ","Ridgecrest","CA",93555),
(209,"Jutta","Everett",NULL,"jutta.everett@gmail.com","27 Taylor Ave. ","Selden","NY",11784),
(210,"Priscilla","Wilkins","(229) 322-2269","priscilla.wilkins@aol.com","653 Pawnee Rd. ","Albany","NY",12203),
(211,"Gilma","Dejesus",NULL,"gilma.dejesus@yahoo.com","777 Thompson Ave. ","Scarsdale","NY",10583),
(212,"Buford","Bridges","(248) 604-7346","buford.bridges@msn.com","239 Oak Valley Court ","Troy","NY",12180),
(213,"Elenore","Hensley",NULL,"elenore.hensley@hotmail.com","7037 Aspen St. ","Hamburg","NY",14075),
(214,"Ross","Pugh",NULL,"ross.pugh@msn.com","8598 Saxon St. ","North Tonawanda","NY",14120),
(215,"Judith","Finley",NULL,"judith.finley@hotmail.com","474 West Bank Road ","Whitestone","NY",11357),
(216,"Wai","Soto",NULL,"wai.soto@msn.com","30 Arch Drive ","Bethpage","NY",11714),
(217,"Carline","Collier","(559) 810-6070","carline.collier@msn.com","28 Trenton Lane ","Fresno","CA",93706),
(218,"Casey","Gill",NULL,"casey.gill@gmail.com","636 Prospect Avenue ","Port Washington","NY",11050),
(219,"Darcie","Morgan","(442) 618-7068","darcie.morgan@aol.com","476 East Adams Ave. ","Oceanside","NY",11572),
(220,"Lucio","Sherman",NULL,"lucio.sherman@gmail.com","842 Corona Ave. ","Smithtown","NY",11787),
(221,"Clementine","Mooney",NULL,"clementine.mooney@yahoo.com","678 Charles Court ","Mcallen","TX",78501),
(222,"Anya","Contreras",NULL,"anya.contreras@msn.com","38 Old Fairground St. ","East Northport","NY",11731),
(223,"Scarlet","Yates",NULL,"scarlet.yates@hotmail.com","687 Shirley St. ","Patchogue","NY",11772),
(224,"Moses","Pope",NULL,"moses.pope@yahoo.com","654 Theatre Street ","Lawndale","CA",90260),
(225,"Barbera","Riggs",NULL,"barbera.riggs@aol.com","12 Gartner Drive ","Plainview","NY",11803),
(226,"Kiana","Rivera",NULL,"kiana.rivera@gmail.com","9 Sheffield Dr. ","Richmond Hill","NY",11418),
(227,"Danielle","Bond",NULL,"danielle.bond@msn.com","8589 Shub Farm Street ","Patchogue","NY",11772),
(228,"Whitney","Estes","(631) 315-4020","whitney.estes@gmail.com","454 Bear Hill Street ","Brentwood","NY",11717),
(229,"Molly","Langley",NULL,"molly.langley@aol.com","63 Bridgeton Street ","Holbrook","NY",11741),
(230,"Chelsey","Hardin",NULL,"chelsey.hardin@hotmail.com","13 Brickyard Street ","Deer Park","NY",11729),
(231,"Jenee","Rasmussen","(916) 219-1774","jenee.rasmussen@hotmail.com","19 George Lane ","Sacramento","CA",95820),
(232,"Freddie","Mathis",NULL,"freddie.mathis@hotmail.com","31 Shady St. ","Euless","TX",76039),
(233,"Mariana","Strong",NULL,"mariana.strong@msn.com","972 Dunbar Dr. ","Santa Clara","CA",95050),
(234,"Winfred","Harris",NULL,"winfred.harris@msn.com","734 Glen Eagles St. ","East Meadow","NY",11554),
(235,"Jeromy","Elliott",NULL,"jeromy.elliott@gmail.com","7112 Laurel Street ","Bay Shore","NY",11706),
(236,"Verona","O'neill",NULL,"verona.o'neill@hotmail.com","8279 W. Sussex St. ","Selden","NY",11784),
(237,"Elvera","Peck",NULL,"elvera.peck@yahoo.com","759 Lakewood Street ","Banning","CA",92220),
(238,"Cindi","Larson",NULL,"cindi.larson@msn.com","896 Golden Star Rd. ","Howard Beach","NY",11414),
(239,"Felice","Guzman",NULL,"felice.guzman@hotmail.com","7 Creekside Lane ","Canyon Country","CA",91387),
(240,"Le","Deleon",NULL,"le.deleon@msn.com","58 Clark Court ","Banning","CA",92220),
(241,"Manie","Sanchez",NULL,"manie.sanchez@hotmail.com","471 Illinois Ave. ","Queensbury","NY",12804),
(242,"Rutha","Howell",NULL,"rutha.howell@gmail.com","9247 Jones Street ","Canyon Country","CA",91387),
(243,"Natosha","Rowland",NULL,"natosha.rowland@aol.com","51 Elmwood St. ","Ballston Spa","NY",12020),
(244,"Jessika","Bray",NULL,"jessika.bray@yahoo.com","37 East Greystone St. ","San Pablo","CA",94806),
(245,"Delila","Hamilton",NULL,"delila.hamilton@yahoo.com","7451 East James Ave. ","Palos Verdes Peninsula","CA",90274),
(246,"Dionne","Norris",NULL,"dionne.norris@yahoo.com","9993 Greenview Circle ","Niagara Falls","NY",14304),
(247,"Muriel","Juarez",NULL,"muriel.juarez@gmail.com","8073 Cemetery Drive ","Palos Verdes Peninsula","CA",90274),
(248,"Cecelia","Gill",NULL,"cecelia.gill@aol.com","372 Silver Spear Dr. ","Mcallen","TX",78501),
(249,"Magda","Eaton",NULL,"magda.eaton@aol.com","860 Middle River Street ","Ossining","NY",10562),
(250,"Ivonne","Yang","(915) 181-1950","ivonne.yang@gmail.com","7359 North Lake View St. ","El Paso","TX",79930),
(251,"Kasie","Rodriquez",NULL,"kasie.rodriquez@aol.com","7 North Beech St. ","Ballston Spa","NY",12020),
(252,"Eleni","Gordon",NULL,"eleni.gordon@hotmail.com","583 W. San Carlos Street ","Richmond Hill","NY",11418),
(253,"Maurice","Norton",NULL,"maurice.norton@hotmail.com","32 Mayflower Dr. ","Atwater","CA",95301),
(254,"Cristobal","Hutchinson",NULL,"cristobal.hutchinson@gmail.com","58 Washington Avenue ","Lawndale","CA",90260),
(255,"Flossie","Holder",NULL,"flossie.holder@msn.com","8459 W. Newport Court ","Massapequa Park","NY",11762),
(256,"Erma","Salinas",NULL,"erma.salinas@gmail.com","347 Sheffield St. ","Merrick","NY",11566),
(257,"Earl","Stanley",NULL,"earl.stanley@gmail.com","569 Lake Lane ","Elmhurst","NY",11373),
(258,"Maribel","William",NULL,"maribel.william@aol.com","65 Magnolia Ave. ","Torrance","CA",90505),
(259,"Johnathan","Velazquez",NULL,"johnathan.velazquez@hotmail.com","9680 E. Somerset Street ","Pleasanton","CA",94566),
(260,"Rodrick","Shelton",NULL,"rodrick.shelton@hotmail.com","7157 Addison Street ","Canyon Country","CA",91387),
(261,"Ferne","Kline",NULL,"ferne.kline@hotmail.com","303 Shady St. ","Fullerton","CA",92831),
(262,"Rubin","Decker","(716) 950-9835","rubin.decker@gmail.com","9875 Shady Ave. ","Buffalo","NY",14215),
(263,"Dortha","Jarvis","(442) 919-8256","dortha.jarvis@yahoo.com","76 Prince Drive ","Oceanside","NY",11572),
(264,"Mariela","Huffman",NULL,"mariela.huffman@gmail.com","531 Fieldstone Road ","Garden City","NY",11530),
(265,"Mellisa","Farley",NULL,"mellisa.farley@yahoo.com","21 West Princess St. ","Central Islip","NY",11722),
(266,"Myung","Hooper",NULL,"myung.hooper@gmail.com","951 Mill Road ","Elmont","NY",11003),
(267,"Angelina","Lloyd",NULL,"angelina.lloyd@yahoo.com","9593 North Sherman Dr. ","Apple Valley","CA",92307),
(268,"Trinity","Riddle",NULL,"trinity.riddle@aol.com","23 Oakland Lane ","Ballston Spa","NY",12020),
(269,"Barton","Crosby",NULL,"barton.crosby@msn.com","896 Edgewater St. ","Bellmore","NY",11710),
(270,"Claudio","Wise",NULL,"claudio.wise@hotmail.com","810 Oxford Ave. ","Kingston","NY",12401),
(271,"Katheleen","Marks",NULL,"katheleen.marks@yahoo.com","69 North Tower St. ","Longview","TX",75604),
(272,"Deja","Chaney",NULL,"deja.chaney@hotmail.com","52 Woodside Ave. ","Jamaica","NY",11432),
(273,"Queenie","Vance",NULL,"queenie.vance@gmail.com","172 Arcadia Ave. ","Ozone Park","NY",11417),
(274,"Josh","Shaw",NULL,"josh.shaw@gmail.com","212 North Leeton Ridge Street ","Hopewell Junction","NY",12533),
(275,"Pinkie","Kirkland",NULL,"pinkie.kirkland@yahoo.com","18 Myers St. ","San Angelo","TX",76901),
(276,"Lavette","Wright",NULL,"lavette.wright@msn.com","6 Windsor Street ","Ronkonkoma","NY",11779),
(277,"Mark","Garrett",NULL,"mark.garrett@msn.com","285 Rosewood Dr. ","Monroe","NY",10950),
(278,"Myesha","Burgess",NULL,"myesha.burgess@gmail.com","306 Trenton Rd. ","Campbell","CA",95008),
(279,"Justina","Long",NULL,"justina.long@aol.com","39 Littleton Ave. ","South El Monte","CA",91733),
(280,"Brenda","Tate",NULL,"brenda.tate@msn.com","36 Hilltop Street ","San Angelo","TX",76901),
(281,"Rayna","Perry",NULL,"rayna.perry@hotmail.com","7238 Oakland St. ","Ozone Park","NY",11417),
(282,"Randolph","Chase",NULL,"randolph.chase@yahoo.com","828 Bridle Ave. ","San Lorenzo","CA",94580),
(283,"Jaimee","Day",NULL,"jaimee.day@aol.com","7534 Whitemarsh Ave. ","Poughkeepsie","NY",12601),
(284,"Susann","Bass",NULL,"susann.bass@msn.com","21 Old Rock Maple Ave. ","Commack","NY",11725),
(285,"Leola","Gould",NULL,"leola.gould@gmail.com","8 Kirkland St. ","Astoria","NY",11102),
(286,"Virgil","Frost",NULL,"virgil.frost@gmail.com","9798 Beacon St. ","Levittown","NY",11756),
(287,"Mireille","Puckett","(805) 961-9909","mireille.puckett@hotmail.com","378 Purple Finch Drive ","Oxnard","CA",93035),
(288,"Keturah","Massey",NULL,"keturah.massey@msn.com","189 Arnold Drive ","Banning","CA",92220),
(289,"Charmain","Webster",NULL,"charmain.webster@hotmail.com","36 East Stonybrook Rd. ","Richardson","TX",75080),
(290,"Barry","Buckner",NULL,"barry.buckner@gmail.com","8779 High Noon Rd. ","Centereach","NY",11720),
(291,"Boyce","Burks",NULL,"boyce.burks@gmail.com","879 Harvey Dr. ","Sunnyside","NY",11104),
(292,"Monty","Frost","(516) 460-5396","monty.frost@aol.com","76 Foxrun Dr. ","Hempstead","NY",11550),
(293,"Tiny","French",NULL,"tiny.french@hotmail.com","7163 Hall St. ","Plainview","NY",11803),
(294,"Clementina","Sargent",NULL,"clementina.sargent@hotmail.com","9853 Catherine Road ","Rome","NY",13440),
(295,"Danny","Kim",NULL,"danny.kim@msn.com","74 Essex Drive ","South Ozone Park","NY",11420),
(296,"Sophia","Mcmillan",NULL,"sophia.mcmillan@msn.com","8541 S. Pleasant Street ","Uniondale","NY",11553),
(297,"Christia","Carson",NULL,"christia.carson@gmail.com","220 Orchard Street ","Helotes","TX",78023),
(298,"Jennie","Middleton",NULL,"jennie.middleton@gmail.com","95 High Noon Dr. ","Upland","CA",91784),
(299,"Jame","Riggs",NULL,"jame.riggs@hotmail.com","9237 Hudson Drive ","Bay Shore","NY",11706),
(300,"Rayford","Simon",NULL,"rayford.simon@msn.com","998 Whitemarsh Road ","Mountain View","CA",94043),
(301,"Annett","Garrett",NULL,"annett.garrett@yahoo.com","19 Euclid Lane ","Scarsdale","NY",10583),
(302,"Hayden","Cross",NULL,"hayden.cross@gmail.com","90 Pumpkin Hill St. ","Apple Valley","CA",92307),
(303,"Rolanda","Larsen",NULL,"rolanda.larsen@yahoo.com","5 West University Court ","Woodhaven","NY",11421),
(304,"Jayme","Zamora",NULL,"jayme.zamora@gmail.com","2 Ridge Lane ","Springfield Gardens","NY",11413),
(305,"Hope","Cotton",NULL,"hope.cotton@aol.com","9092 Blue Spring Dr. ","Redondo Beach","CA",90278),
(306,"Vikki","Erickson",NULL,"vikki.erickson@yahoo.com","24 Jones Street ","Kingston","NY",12401),
(307,"Fransisca","Nicholson",NULL,"fransisca.nicholson@aol.com","945 Schoolhouse Street ","Glendora","CA",91740),
(308,"Mazie","Fernandez",NULL,"mazie.fernandez@hotmail.com","583 Harvard Ave. ","Webster","NY",14580),
(309,"Anderson","Martin",NULL,"anderson.martin@hotmail.com","9051 Hillside Dr. ","Canandaigua","NY",14424),
(310,"Gilberto","Parsons",NULL,"gilberto.parsons@gmail.com","8115 North Edgewater Drive ","Middle Village","NY",11379),
(311,"Charise","Burt","(559) 888-2229","charise.burt@aol.com","582 Creek St. ","Fresno","CA",93706),
(312,"Cameron","Carroll",NULL,"cameron.carroll@yahoo.com","9133 South Halifax Ave. ","Longview","TX",75604),
(313,"Melani","Jarvis",NULL,"melani.jarvis@hotmail.com","8 Tunnel St. ","Maspeth","NY",11378),
(314,"Javier","Nichols",NULL,"javier.nichols@msn.com","8944 Marconi St. ","Rowlett","TX",75088),
(315,"Justina","Jenkins",NULL,"justina.jenkins@yahoo.com","8236 Creek St. ","Baldwin","NY",11510),
(316,"Hortencia","Graham",NULL,"hortencia.graham@aol.com","7764 Greenrose Street ","Euless","TX",76039),
(317,"Christia","Wilkins",NULL,"christia.wilkins@msn.com","7062 Willow Court ","Woodside","NY",11377),
(318,"Eliz","Whitney",NULL,"eliz.whitney@msn.com","523 Crescent Court ","Fullerton","CA",92831),
(319,"Justin","Newton",NULL,"justin.newton@hotmail.com","93 Shore Rd. ","Apple Valley","CA",92307),
(320,"Aron","Wiggins","(442) 497-3353","aron.wiggins@aol.com","6 Bradford St. ","Oceanside","NY",11572),
(321,"Chere","Hardin",NULL,"chere.hardin@yahoo.com","763 Fulton Road ","Brooklyn","NY",11201),
(322,"Merideth","Preston",NULL,"merideth.preston@yahoo.com","794 Rockaway St. ","Poughkeepsie","NY",12601),
(323,"Jeniffer","Slater",NULL,"jeniffer.slater@aol.com","30 Old Orange Lane ","Schenectady","NY",12302),
(324,"Laureen","Paul",NULL,"laureen.paul@yahoo.com","617 Squaw Creek Rd. ","Bellmore","NY",11710),
(325,"Berna","Moore",NULL,"berna.moore@hotmail.com","7230 Lafayette Drive ","Bronx","NY",10451),
(326,"Shiela","Calderon",NULL,"shiela.calderon@msn.com","844 Albany St. ","Rocklin","CA",95677),
(327,"Sharie","Alvarez","(212) 211-7621","sharie.alvarez@msn.com","987 West Leatherwood Dr. ","New York","NY",10002),
(328,"Bettie","Glover",NULL,"bettie.glover@gmail.com","9083 Addison Dr. ","Euless","TX",76039),
(329,"Marilyn","Frank",NULL,"marilyn.frank@aol.com","8878 Branch Street ","Port Chester","NY",10573),
(330,"Sheba","Knapp",NULL,"sheba.knapp@aol.com","86 Gates Street ","Woodside","NY",11377),
(331,"Aleta","Mack",NULL,"aleta.mack@yahoo.com","8869 W. Edgemont Lane ","Bay Shore","NY",11706),
(332,"Reena","Higgins",NULL,"reena.higgins@gmail.com","900 South Columbia Street ","Canyon Country","CA",91387),
(333,"Ami","Mcmahon",NULL,"ami.mcmahon@aol.com","566 Hilldale Drive ","Sunnyside","NY",11104),
(334,"Somer","Jordan",NULL,"somer.jordan@msn.com","7046 Helen Avenue ","Huntington Station","NY",11746),
(335,"Scarlet","Reed",NULL,"scarlet.reed@hotmail.com","151 S. Myers Court ","Bronx","NY",10451),
(336,"Trisha","Johnson","(717) 126-8787","trisha.johnson@msn.com","59 Wild Horse St. ","Lancaster","NY",14086),
(337,"Majorie","Wyatt",NULL,"majorie.wyatt@yahoo.com","8507 Miller St. ","South Ozone Park","NY",11420),
(338,"Abbey","Pugh",NULL,"abbey.pugh@gmail.com","26 Market Drive ","Forest Hills","NY",11375),
(339,"Tamela","Harrell",NULL,"tamela.harrell@aol.com","7316 Cypress Rd. ","Central Islip","NY",11722),
(340,"Yanira","Bradshaw",NULL,"yanira.bradshaw@gmail.com","7484 Ann Court ","Smithtown","NY",11787),
(341,"Delana","Scott",NULL,"delana.scott@yahoo.com","7372 Ridgeview St. ","Mount Vernon","NY",10550),
(342,"Cassondra","Pruitt",NULL,"cassondra.pruitt@aol.com","4 Alderwood Circle ","Merrick","NY",11566),
(343,"Jesica","Fields",NULL,"jesica.fields@yahoo.com","318 Country Dr. ","Commack","NY",11725),
(344,"Herta","Rollins",NULL,"herta.rollins@msn.com","287 1st Drive ","Mountain View","CA",94043),
(345,"Mi","Gray","(229) 813-2130","mi.gray@aol.com","27 Roehampton Dr. ","Albany","NY",12203),
(346,"Jacalyn","Barnett",NULL,"jacalyn.barnett@gmail.com","7537 Swanson Street ","Maspeth","NY",11378),
(347,"Kanesha","Hudson","(510) 788-7298","kanesha.hudson@gmail.com","8293 Gartner Drive ","Oakland","CA",94603),
(348,"Darren","Witt",NULL,"darren.witt@aol.com","916 Hillcrest Ave. ","Coachella","CA",92236),
(349,"Mable","Pratt",NULL,"mable.pratt@gmail.com","254 SW. Temple Street ","Coachella","CA",92236),
(350,"Christoper","Mccall",NULL,"christoper.mccall@msn.com","72 Summit St. ","Bay Shore","NY",11706),
(351,"Margorie","Wynn",NULL,"margorie.wynn@gmail.com","707 Schoolhouse St. ","Monsey","NY",10952),
(352,"Josef","Greer",NULL,"josef.greer@gmail.com","92 Summer Court ","Jamaica","NY",11432),
(353,"Tisa","Whitney",NULL,"tisa.whitney@yahoo.com","549 Newbridge Dr. ","Monsey","NY",10952),
(354,"Tonda","Armstrong",NULL,"tonda.armstrong@aol.com","19 Forest Rd. ","Sunnyside","NY",11104),
(355,"Arvilla","Weiss",NULL,"arvilla.weiss@msn.com","477 Blue Spring St. ","Bay Shore","NY",11706),
(356,"Vashti","Rosario",NULL,"vashti.rosario@yahoo.com","623 Johnson Circle ","Bronx","NY",10451),
(357,"Sheri","Cole","(408) 658-2285","sheri.cole@aol.com","479 Chapel Court ","San Jose","CA",95127),
(358,"Kandace","Giles",NULL,"kandace.giles@msn.com","30 NE. Walt Whitman Drive ","Wantagh","NY",11793),
(359,"Angie","Powers",NULL,"angie.powers@aol.com","6 Rockland Dr. ","Pomona","CA",91768),
(360,"Van","Peters","(281) 658-7772","van.peters@yahoo.com","45 Fifth Dr. ","Houston","TX",77016),
(361,"Virgina","Berg",NULL,"virgina.berg@yahoo.com","804 South Purple Finch Drive ","Valley Stream","NY",11580),
(362,"Olevia","Noel",NULL,"olevia.noel@yahoo.com","39 N. Rosewood Dr. ","Kingston","NY",12401),
(363,"Kaci","Gallegos",NULL,"kaci.gallegos@gmail.com","8573 Halifax St. ","Ballston Spa","NY",12020),
(364,"Bev","Chang",NULL,"bev.chang@yahoo.com","104 Rockville St. ","Ithaca","NY",14850),
(365,"Rodger","Rojas",NULL,"rodger.rojas@yahoo.com","8442 Cooper Ave. ","Bayside","NY",11361),
(366,"Lavonne","Anderson",NULL,"lavonne.anderson@aol.com","9420 Wintergreen Court ","Floral Park","NY",11001),
(367,"Blanca","Hooper",NULL,"blanca.hooper@msn.com","340 Bald Hill St. ","Ozone Park","NY",11417),
(368,"Alysha","Powers",NULL,"alysha.powers@msn.com","39 West Marshall Ave. ","Forest Hills","NY",11375),
(369,"Mary","Singleton",NULL,"mary.singleton@hotmail.com","474 Amerige Ave. ","Woodside","NY",11377),
(370,"Jina","Cooper",NULL,"jina.cooper@aol.com","8947 W. Lexington Rd. ","Howard Beach","NY",11414),
(371,"Loni","Duncan",NULL,"loni.duncan@gmail.com","80 Saxton Lane ","Rosedale","NY",11422),
(372,"Collene","Roman",NULL,"collene.roman@aol.com","30 North Argyle Dr. ","Wappingers Falls","NY",12590),
(373,"Mariette","Trevino",NULL,"mariette.trevino@aol.com","4 Border Court ","Utica","NY",13501),
(374,"Candelaria","Coffey",NULL,"candelaria.coffey@aol.com","45 Newport Lane ","Merrick","NY",11566),
(375,"Yan","Trevino",NULL,"yan.trevino@gmail.com","796 Jefferson Rd. ","Uniondale","NY",11553),
(376,"Elanor","Patrick",NULL,"elanor.patrick@aol.com","51 Howard Ave. ","Victoria","TX",77904),
(377,"Klara","Mosley",NULL,"klara.mosley@gmail.com","518 Devon Court ","Port Chester","NY",10573),
(378,"Rosalba","O'neal",NULL,"rosalba.o'neal@yahoo.com","7517 Pennsylvania St. ","Mount Vernon","NY",10550),
(379,"Mina","Carrillo",NULL,"mina.carrillo@aol.com","8659 Trenton Lane ","Uniondale","NY",11553),
(380,"Alesia","Horne",NULL,"alesia.horne@aol.com","9229 Amherst Lane ","Selden","NY",11784),
(381,"Kristen","Alvarez",NULL,"kristen.alvarez@aol.com","9778 North River St. ","Bronx","NY",10451),
(382,"Collin","Webster",NULL,"collin.webster@aol.com","475 Cottage Rd. ","Howard Beach","NY",11414),
(383,"Ashlee","Pena",NULL,"ashlee.pena@aol.com","966 Highland St. ","Whitestone","NY",11357),
(384,"Aimee","Merritt",NULL,"aimee.merritt@yahoo.com","537 East Meadowbrook St. ","Flushing","NY",11354),
(385,"Rochelle","Ward",NULL,"rochelle.ward@yahoo.com","7855 La Sierra Street ","Glendora","CA",91740),
(386,"Nelle","Beck",NULL,"nelle.beck@aol.com","8998 Wakehurst Drive ","Upland","CA",91784),
(387,"Kaila","Walters",NULL,"kaila.walters@msn.com","57 Gates Drive ","Elmhurst","NY",11373),
(388,"Aleta","Stone",NULL,"aleta.stone@aol.com","8 Elm Dr. ","Whitestone","NY",11357),
(389,"Leif","Short",NULL,"leif.short@gmail.com","962 Carpenter Ave. ","San Angelo","TX",76901),
(390,"Lorrie","Pollard",NULL,"lorrie.pollard@yahoo.com","7834 Shore Ave. ","Ronkonkoma","NY",11779),
(391,"Vernita","Ball",NULL,"vernita.ball@gmail.com","126 Arnold Dr. ","Los Banos","CA",93635),
(392,"Cyndi","Bush",NULL,"cyndi.bush@gmail.com","18 Smoky Hollow Drive ","Elmhurst","NY",11373),
(393,"Gertrude","Terry",NULL,"gertrude.terry@hotmail.com","34 Airport Dr. ","Upland","CA",91784),
(394,"Virgen","Clemons",NULL,"virgen.clemons@gmail.com","354 Cactus Drive ","South El Monte","CA",91733),
(395,"Fairy","Robinson",NULL,"fairy.robinson@msn.com","8837 Joy Ridge St. ","Liverpool","NY",13090),
(396,"Laverna","Hernandez",NULL,"laverna.hernandez@hotmail.com","34 South Longfellow St. ","Niagara Falls","NY",14304),
(397,"Jeannie","Wilcox",NULL,"jeannie.wilcox@yahoo.com","7744 Miles Dr. ","Franklin Square","NY",11010),
(398,"Suellen","Mercado",NULL,"suellen.mercado@yahoo.com","3 Taylor Drive ","Sunnyside","NY",11104),
(399,"Bart","Hess",NULL,"bart.hess@aol.com","799 N. Maiden Street ","Kingston","NY",12401),
(400,"Alfredo","Dodson",NULL,"alfredo.dodson@hotmail.com","8960 Glenholme Dr. ","Depew","NY",14043),
(401,"Shaunda","Barnett",NULL,"shaunda.barnett@gmail.com","9366 San Carlos Lane ","Longview","TX",75604),
(402,"Kerrie","Morton",NULL,"kerrie.morton@hotmail.com","8772 State St. ","Pittsford","NY",14534),
(403,"Elouise","Fry",NULL,"elouise.fry@aol.com","49 Bohemia Street ","Canyon Country","CA",91387),
(404,"Augustus","Steele",NULL,"augustus.steele@aol.com","7474 N. Orchard St. ","Ballston Spa","NY",12020),
(405,"Greta","Page",NULL,"greta.page@hotmail.com","8316 Augusta Drive ","Commack","NY",11725),
(406,"Kerrie","O'neill",NULL,"kerrie.o'neill@gmail.com","69 Wellington Ave. ","Shirley","NY",11967),
(407,"Dannette","Guerrero",NULL,"dannette.guerrero@gmail.com","68 Carriage Street ","San Pablo","CA",94806),
(408,"Edra","Fitzgerald",NULL,"edra.fitzgerald@msn.com","8892 Birchwood St. ","Central Islip","NY",11722),
(409,"Jerome","Bolton",NULL,"jerome.bolton@msn.com","9921 Argyle Street ","Carmel","NY",10512),
(410,"Conception","Slater",NULL,"conception.slater@gmail.com","5 Sunset Street ","Bellmore","NY",11710),
(411,"Octavia","Case","(212) 171-1335","octavia.case@aol.com","40 Charles Road ","New York","NY",10002),
(412,"Dexter","Roberts",NULL,"dexter.roberts@gmail.com","84 Thatcher Court ","Sunnyside","NY",11104),
(413,"Ginette","Edwards",NULL,"ginette.edwards@hotmail.com","9262 NW. Center Ave. ","Baldwin","NY",11510),
(414,"Romaine","Haley",NULL,"romaine.haley@aol.com","737 Edgefield Drive ","Ithaca","NY",14850),
(415,"Gwendolyn","Miller",NULL,"gwendolyn.miller@msn.com","90 Fordham Ave. ","Harlingen","TX",78552),
(416,"Luke","Fuller","(516) 363-2253","luke.fuller@hotmail.com","576 Cleveland Lane ","Hempstead","NY",11550),
(417,"Zoraida","Patton",NULL,"zoraida.patton@aol.com","95 Grand Dr. ","Huntington Station","NY",11746),
(418,"Georgeanna","Webster","(805) 885-8830","georgeanna.webster@msn.com","40 Creekside Circle ","Oxnard","CA",93035),
(419,"Krystin","Marshall",NULL,"krystin.marshall@hotmail.com","10 Old Proctor Lane ","Poughkeepsie","NY",12601),
(420,"Vince","Schneider",NULL,"vince.schneider@hotmail.com","473 Corona Ave. ","Merrick","NY",11566),
(421,"Iola","Rasmussen",NULL,"iola.rasmussen@yahoo.com","283 N. Manor Station Dr. ","Monroe","NY",10950),
(422,"Valery","Saunders",NULL,"valery.saunders@msn.com","42 Marlborough St. ","Victoria","TX",77904),
(423,"Johna","Powers",NULL,"johna.powers@hotmail.com","379 Central Ave. ","Deer Park","NY",11729),
(424,"Charleen","Hurst",NULL,"charleen.hurst@yahoo.com","87 Country Avenue ","Utica","NY",13501),
(425,"Augustina","Joyner",NULL,"augustina.joyner@aol.com","7931 Honey Creek Court ","Mount Vernon","NY",10550),
(426,"Daisy","Ward",NULL,"daisy.ward@msn.com","45 Silver Spear Ave. ","Pomona","CA",91768),
(427,"Latonya","Dixon",NULL,"latonya.dixon@hotmail.com","9399 Evergreen Street ","Garland","TX",75043),
(428,"Hipolito","Padilla",NULL,"hipolito.padilla@hotmail.com","311 E. Rose Avenue ","New Rochelle","NY",10801),
(429,"Emmett","Casey",NULL,"emmett.casey@yahoo.com","893 Logan St. ","Valley Stream","NY",11580),
(430,"Kandi","Mcneil",NULL,"kandi.mcneil@msn.com","402 Border Street ","Massapequa Park","NY",11762),
(431,"Luciano","Marsh",NULL,"luciano.marsh@aol.com","7685 South Willow Drive ","Bellmore","NY",11710),
(432,"Julius","Holt",NULL,"julius.holt@aol.com","386 Lower River Street ","East Meadow","NY",11554),
(433,"Holly","Nieves",NULL,"holly.nieves@aol.com","60 Cleveland St. ","Longview","TX",75604),
(434,"Douglass","Little",NULL,"douglass.little@hotmail.com","294 Harvey Drive ","Duarte","CA",91010),
(435,"Izola","Hobbs",NULL,"izola.hobbs@gmail.com","685 Beacon Dr. ","Woodhaven","NY",11421),
(436,"Honey","Camacho",NULL,"honey.camacho@gmail.com","934 2nd St. ","Bayside","NY",11361),
(437,"Laureen","Barry",NULL,"laureen.barry@yahoo.com","909 Ridge St. ","Orchard Park","NY",14127),
(438,"Katharine","Herrera",NULL,"katharine.herrera@hotmail.com","395 SE. Branch St. ","Queensbury","NY",12804),
(439,"Sunshine","Rosario",NULL,"sunshine.rosario@aol.com","1 Chestnut Lane ","Jamaica","NY",11432),
(440,"Yevette","Todd",NULL,"yevette.todd@aol.com","119 Lakewood Rd. ","Ballston Spa","NY",12020),
(441,"Dorthea","Walker",NULL,"dorthea.walker@aol.com","11 Third St. ","Port Washington","NY",11050),
(442,"Alane","Munoz","(914) 706-7576","alane.munoz@gmail.com","8 Strawberry Dr. ","Yonkers","NY",10701),
(443,"Ayana","Keith","(805) 230-2101","ayana.keith@hotmail.com","182 Thorne Road ","Oxnard","CA",93035),
(444,"Caridad","Compton",NULL,"caridad.compton@aol.com","9575 SW. Kingston Court ","San Lorenzo","CA",94580),
(445,"Earline","Ballard",NULL,"earline.ballard@hotmail.com","939 Lyme Road ","Mount Vernon","NY",10550),
(446,"Nathanael","Bradley",NULL,"nathanael.bradley@aol.com","58 Third St. ","Amsterdam","NY",12010),
(447,"Chasidy","Tran",NULL,"chasidy.tran@msn.com","9286 Anderson Street ","Vista","CA",92083),
(448,"Janella","Bright","(507) 616-2958","janella.bright@aol.com","7317 Tower Dr. ","Rochester","NY",14606),
(449,"Josie","Schultz",NULL,"josie.schultz@hotmail.com","225 Mammoth Street ","Canyon Country","CA",91387),
(450,"Ellsworth","Michael",NULL,"ellsworth.michael@yahoo.com","9982 White St. ","Carmel","NY",10512),
(451,"Jennette","Wooten",NULL,"jennette.wooten@msn.com","8221 Bow Ridge Lane ","Rowlett","TX",75088),
(452,"Cassandra","Nichols",NULL,"cassandra.nichols@yahoo.com","4 Glenwood Circle ","Hicksville","NY",11801),
(453,"Courtney","Wyatt",NULL,"courtney.wyatt@gmail.com","369 Arrowhead St. ","Garden City","NY",11530),
(454,"Terese","Palmer",NULL,"terese.palmer@hotmail.com","8 Sugar Drive ","Bay Shore","NY",11706),
(455,"Sherita","Cherry",NULL,"sherita.cherry@gmail.com","9636 Old Cedarwood Street ","Liverpool","NY",13090),
(456,"Serina","Hensley",NULL,"serina.hensley@yahoo.com","53 Proctor Drive ","Jamaica","NY",11432),
(457,"Jeni","Farley",NULL,"jeni.farley@aol.com","4 Mill Lane ","Richmond Hill","NY",11418),
(458,"Everett","Vega",NULL,"everett.vega@yahoo.com","7859 James Ave. ","Holbrook","NY",11741),
(459,"Latosha","Dalton","(661) 529-4501","latosha.dalton@yahoo.com","59 E. Wintergreen Ave. ","Bakersfield","CA",93306),
(460,"Romelia","Myers",NULL,"romelia.myers@msn.com","8630 Brook St. ","Garden City","NY",11530),
(461,"Effie","Jenkins","(631) 477-1277","effie.jenkins@msn.com","75 South Glen Eagles Court ","Brentwood","NY",11717),
(462,"Efren","Oliver",NULL,"efren.oliver@gmail.com","9343 1st Rd. ","Nanuet","NY",10954),
(463,"Jerlene","Rios",NULL,"jerlene.rios@yahoo.com","32 Griffin St. ","Plainview","NY",11803),
(464,"Bess","Mcbride",NULL,"bess.mcbride@yahoo.com","9832 Winchester St. ","Garden City","NY",11530),
(465,"Birdie","Kramer","(248) 725-2174","birdie.kramer@hotmail.com","311 Newcastle Dr. ","Troy","NY",12180),
(466,"Collen","Hayes",NULL,"collen.hayes@yahoo.com","117 Eagle St. ","Smithtown","NY",11787),
(467,"Clare","Neal",NULL,"clare.neal@msn.com","8922 Shady Ave. ","Mahopac","NY",10541),
(468,"Jeanett","Herman",NULL,"jeanett.herman@hotmail.com","839 East Arch Street ","Lindenhurst","NY",11757),
(469,"Micki","Rutledge",NULL,"micki.rutledge@aol.com","9868 Marvon Street ","Richmond Hill","NY",11418),
(470,"Loise","Walker",NULL,"loise.walker@aol.com","201 Glen Eagles St. ","Shirley","NY",11967),
(471,"Burma","Summers",NULL,"burma.summers@yahoo.com","890 East Elmwood Street ","Freeport","NY",11520),
(472,"Myron","Ruiz",NULL,"myron.ruiz@gmail.com","45 Shadow Brook Lane ","Amityville","NY",11701),
(473,"Lashawna","Richardson",NULL,"lashawna.richardson@hotmail.com","9920 Purple Finch St. ","Baldwin","NY",11510),
(474,"Lavern","Orr",NULL,"lavern.orr@hotmail.com","913 N. Young Street ","Webster","NY",14580),
(475,"Alec","Peck",NULL,"alec.peck@hotmail.com","4 W. Belmont St. ","Victoria","TX",77904),
(476,"Christopher","Richardson",NULL,"christopher.richardson@gmail.com","7846 Windfall Dr. ","Santa Cruz","CA",95060),
(477,"Arminda","Weber",NULL,"arminda.weber@yahoo.com","6 Hill Field St. ","Bellmore","NY",11710),
(478,"Emmett","Hahn",NULL,"emmett.hahn@hotmail.com","7727 6th St. ","Freeport","NY",11520),
(479,"Gertha","Mejia",NULL,"gertha.mejia@yahoo.com","518 Orchard St. ","Flushing","NY",11354),
(480,"Garland","Weaver",NULL,"garland.weaver@gmail.com","7161 Goldfield Court ","Amsterdam","NY",12010),
(481,"Jayson","Rutledge",NULL,"jayson.rutledge@yahoo.com","8672 Coffee St. ","Lake Jackson","TX",77566),
(482,"Narcisa","Knapp",NULL,"narcisa.knapp@aol.com","435 Dogwood Dr. ","Amarillo","TX",79106),
(483,"Gayla","Sims",NULL,"gayla.sims@gmail.com","98 Hall Street ","Lindenhurst","NY",11757),
(484,"Chelsey","Boyd",NULL,"chelsey.boyd@yahoo.com","9569 Birchpond Ave. ","Euless","TX",76039),
(485,"Catherine","Miles",NULL,"catherine.miles@msn.com","7189 Elm Dr. ","East Elmhurst","NY",11369),
(486,"Valeri","Marshall",NULL,"valeri.marshall@hotmail.com","494 East Brewery Dr. ","East Meadow","NY",11554),
(487,"Grace","Madden",NULL,"grace.madden@gmail.com","606 East Rocky River St. ","San Pablo","CA",94806),
(488,"Joaquin","Hawkins","(657) 557-1746","joaquin.hawkins@aol.com","3 Oklahoma Lane ","Anaheim","CA",92806),
(489,"Kirstie","Vazquez",NULL,"kirstie.vazquez@gmail.com","8006 Rockland Ave. ","Saratoga Springs","NY",12866),
(490,"Yu","Mcdonald",NULL,"yu.mcdonald@aol.com","784 Pheasant Rd. ","Ossining","NY",10562),
(491,"Celestine","Jacobs",NULL,"celestine.jacobs@gmail.com","87 Hanover Rd. ","Massapequa","NY",11758),
(492,"Justa","Thompson",NULL,"justa.thompson@aol.com","43 Manor Ave. ","Corona","NY",11368),
(493,"Lise","Alvarado",NULL,"lise.alvarado@gmail.com","9816 Newcastle Dr. ","Hamburg","NY",14075),
(494,"Pearl","Fox",NULL,"pearl.fox@yahoo.com","9415 Honey Creek Dr. ","Uniondale","NY",11553),
(495,"Travis","Goodman",NULL,"travis.goodman@yahoo.com","65 Rockcrest Dr. ","Los Banos","CA",93635),
(496,"Shu","Mays",NULL,"shu.mays@gmail.com","996 St Margarets Lane ","Astoria","NY",11102),
(497,"Ezra","Fowler",NULL,"ezra.fowler@hotmail.com","16 Pearl St. ","Nanuet","NY",10954),
(498,"Edda","Young",NULL,"edda.young@gmail.com","50 S. Airport Street ","North Tonawanda","NY",14120),
(499,"Lidia","Ashley",NULL,"lidia.ashley@hotmail.com","8436 Meadow St. ","Baldwinsville","NY",13027),
(500,"Moira","Lester",NULL,"moira.lester@msn.com","496 Greystone Court ","Jackson Heights","NY",11372),
(501,"Tony","Hicks","(657) 260-6783","tony.hicks@gmail.com","226 Carriage Street ","Anaheim","CA",92806),
(502,"Malinda","Baxter",NULL,"malinda.baxter@yahoo.com","7698 Briarwood Ave. ","Whitestone","NY",11357),
(503,"Marlo","Jefferson",NULL,"marlo.jefferson@gmail.com","39 Trenton Rd. ","Niagara Falls","NY",14304),
(504,"Tiana","Henderson",NULL,"tiana.henderson@aol.com","62 Orange St. ","Franklin Square","NY",11010),
(505,"Wilda","Petersen",NULL,"wilda.petersen@aol.com","899 Helen St. ","Jamaica","NY",11432),
(506,"Irving","Pitts",NULL,"irving.pitts@msn.com","346 College Court ","Torrance","CA",90505),
(507,"Sheree","Pena",NULL,"sheree.pena@yahoo.com","822 Virginia Court ","Staten Island","NY",10301),
(508,"Vance","Taylor","(717) 218-5607","vance.taylor@msn.com","8279 Military Dr. ","Lancaster","NY",14086),
(509,"Terra","Pickett",NULL,"terra.pickett@aol.com","7822 Depot Avenue ","Amsterdam","NY",12010),
(510,"Faustino","Delacruz",NULL,"faustino.delacruz@msn.com","88 West Greenview Street ","South Richmond Hill","NY",11419),
(511,"Julienne","Moody","(682) 841-4643","julienne.moody@hotmail.com","35 South Oxford Rd. ","Fort Worth","TX",76110),
(512,"Hee","Greer",NULL,"hee.greer@hotmail.com","41 North Garfield Ave. ","Selden","NY",11784),
(513,"Whitney","Cash",NULL,"whitney.cash@gmail.com","8 Surrey Street ","Hamburg","NY",14075),
(514,"Clarita","Curry",NULL,"clarita.curry@hotmail.com","661 Tanglewood Street ","Hollis","NY",11423),
(515,"Reita","Dickson",NULL,"reita.dickson@hotmail.com","7506 Mechanic Dr. ","Scarsdale","NY",10583),
(516,"Rosa","Kinney",NULL,"rosa.kinney@yahoo.com","330 Highland Drive ","Brooklyn","NY",11201),
(517,"Buford","Gilbert",NULL,"buford.gilbert@yahoo.com","9 East Ketch Harbour Street ","Bellmore","NY",11710),
(518,"Homer","Powers",NULL,"homer.powers@msn.com","8207 East El Dorado Ave. ","Palos Verdes Peninsula","CA",90274),
(519,"Rudolf","Gilliam",NULL,"rudolf.gilliam@aol.com","17 Marlborough Circle ","Palos Verdes Peninsula","CA",90274),
(520,"Andreas","Herman",NULL,"andreas.herman@msn.com","456 Rock Creek Street ","Mount Vernon","NY",10550),
(521,"Max","Charles",NULL,"max.charles@gmail.com","695 St Paul Street ","Glen Cove","NY",11542),
(522,"Tammera","Fischer","(510) 534-8845","tammera.fischer@hotmail.com","405 Olive St. ","Oakland","CA",94603),
(523,"Joshua","Robertson",NULL,"joshua.robertson@gmail.com","81 Campfire Court ","Patchogue","NY",11772),
(524,"Larraine","Horn",NULL,"larraine.horn@msn.com","368 South Summerhouse Dr. ","Utica","NY",13501),
(525,"Andreas","Mayer",NULL,"andreas.mayer@hotmail.com","8577 Galvin Circle ","New Rochelle","NY",10801),
(526,"Lazaro","Moran",NULL,"lazaro.moran@gmail.com","83 E. Buttonwood Street ","Sugar Land","TX",77478),
(527,"Afton","Juarez",NULL,"afton.juarez@gmail.com","8330 Riverview Drive ","Coram","NY",11727),
(528,"Angele","Schroeder","(845) 804-6312","angele.schroeder@yahoo.com","33 S. Shadow Brook Street ","New City","NY",10956),
(529,"Ellena","Clements",NULL,"ellena.clements@aol.com","7918 Mulberry Street ","Santa Monica","CA",90403),
(530,"Selene","Austin",NULL,"selene.austin@msn.com","9042 Linda Circle ","Duarte","CA",91010),
(531,"Kimberely","Bowen","(248) 199-2582","kimberely.bowen@hotmail.com","88 Belmont Street ","Troy","NY",12180),
(532,"Mia","Delgado",NULL,"mia.delgado@yahoo.com","850 Wakehurst Drive ","Coachella","CA",92236),
(533,"Garret","Clay","(361) 687-9477","garret.clay@yahoo.com","9516 College Drive ","Corpus Christi","TX",78418),
(534,"Alejandro","Haney",NULL,"alejandro.haney@msn.com","3 Griffin Street ","Wantagh","NY",11793),
(535,"Inge","Olsen","(562) 719-5041","inge.olsen@msn.com","295 Iroquois Rd. ","Long Beach","NY",11561),
(536,"Christiane","Bradford",NULL,"christiane.bradford@gmail.com","9043 Woodland Ave. ","Orchard Park","NY",14127),
(537,"Carter","Bentley",NULL,"carter.bentley@yahoo.com","145 North Bridle Ave. ","Carmel","NY",10512),
(538,"Sherie","Ayala",NULL,"sherie.ayala@msn.com","5 Beech Ave. ","South El Monte","CA",91733),
(539,"Jamika","Acevedo",NULL,"jamika.acevedo@yahoo.com","8027 NW. Poplar St. ","Ozone Park","NY",11417),
(540,"Shery","Randolph",NULL,"shery.randolph@hotmail.com","602 Laurel Street ","Ontario","CA",91762),
(541,"Lanita","Burton",NULL,"lanita.burton@msn.com","8980 Aspen Avenue ","Coachella","CA",92236),
(542,"Timothy","Byers",NULL,"timothy.byers@msn.com","8645 Devonshire Lane ","Ronkonkoma","NY",11779),
(543,"Jasmin","Young",NULL,"jasmin.young@gmail.com","337 Beach Street ","Helotes","TX",78023),
(544,"Catarina","Mendez",NULL,"catarina.mendez@hotmail.com","444 Hanover Court ","West Islip","NY",11795),
(545,"Tajuana","Rollins",NULL,"tajuana.rollins@msn.com","724 N. Glen Creek Street ","Oswego","NY",13126),
(546,"Thad","Castro","(631) 943-1407","thad.castro@msn.com","71 Surrey Ave. ","Brentwood","NY",11717),
(547,"Tena","Huber",NULL,"tena.huber@gmail.com","185 East Littleton St. ","Newburgh","NY",12550),
(548,"Dori","Alvarez",NULL,"dori.alvarez@msn.com","8208 Brandywine St. ","Kingston","NY",12401),
(549,"Elmo","Arnold","(562) 841-9339","elmo.arnold@aol.com","7616 Lyme Rd. ","Long Beach","NY",11561),
(550,"Felicidad","Golden",NULL,"felicidad.golden@yahoo.com","9712 Coffee Ave. ","Lockport","NY",14094),
(551,"Jenine","Crane","(682) 183-6555","jenine.crane@msn.com","7381 Alderwood Drive ","Fort Worth","TX",76110),
(552,"Lea","Key",NULL,"lea.key@yahoo.com","7 Ocean St. ","Banning","CA",92220),
(553,"Rory","Cooper",NULL,"rory.cooper@gmail.com","459 West Street ","Rocklin","CA",95677),
(554,"Hilde","Nieves",NULL,"hilde.nieves@gmail.com","9437 Fordham Lane ","Campbell","CA",95008),
(555,"Marry","Benjamin",NULL,"marry.benjamin@yahoo.com","33 Amerige Street ","Forney","TX",75126),
(556,"Vernell","Goff",NULL,"vernell.goff@msn.com","77 Cobblestone St. ","Monroe","NY",10950),
(557,"Erlene","Cook",NULL,"erlene.cook@gmail.com","89 Blue Spring Street ","Mount Vernon","NY",10550),
(558,"Carroll","Kelly",NULL,"carroll.kelly@yahoo.com","346 Grant Circle ","Monroe","NY",10950),
(559,"Basilia","Thornton","(631) 592-9548","basilia.thornton@hotmail.com","9033 Pine Dr. ","Brentwood","NY",11717),
(560,"Tricia","Daniels",NULL,"tricia.daniels@gmail.com","8628 Crescent Court ","Forney","TX",75126),
(561,"Kandace","Hughes",NULL,"kandace.hughes@hotmail.com","482 Ryan Ave. ","San Lorenzo","CA",94580),
(562,"Alejandro","Norman",NULL,"alejandro.norman@yahoo.com","8918 Marsh Lane ","Upland","CA",91784),
(563,"Rodney","Odom",NULL,"rodney.odom@yahoo.com","7782 North Deerfield Lane ","Richmond Hill","NY",11418),
(564,"Bettie","Pierce",NULL,"bettie.pierce@gmail.com","787 North Vernon Lane ","Farmingdale","NY",11735),
(565,"Dagny","Owen",NULL,"dagny.owen@hotmail.com","8028 Thompson Drive ","San Angelo","TX",76901),
(566,"Cinthia","Poole",NULL,"cinthia.poole@aol.com","7 Central Ave. ","Lake Jackson","TX",77566),
(567,"Sheila","Travis",NULL,"sheila.travis@yahoo.com","9285 Front St. ","Longview","TX",75604),
(568,"Arcelia","Vinson",NULL,"arcelia.vinson@gmail.com","40 Dogwood St. ","West Islip","NY",11795),
(569,"Lucas","Estes",NULL,"lucas.estes@yahoo.com","99 Old Church St. ","Santa Monica","CA",90403),
(570,"Marissa","Summers",NULL,"marissa.summers@msn.com","81 Carpenter St. ","Saint Albans","NY",11412),
(571,"Kaley","Blanchard",NULL,"kaley.blanchard@msn.com","74 Evergreen Court ","Palos Verdes Peninsula","CA",90274),
(572,"Wm","Pope",NULL,"wm.pope@msn.com","212 Marsh Court ","Auburn","NY",13021),
(573,"Rubye","Mccall","(248) 764-3359","rubye.mccall@hotmail.com","71 Sherwood Dr. ","Troy","NY",12180),
(574,"Adriene","Rivera",NULL,"adriene.rivera@hotmail.com","973 Yukon Avenue ","Encino","CA",91316),
(575,"Laurence","Christian",NULL,"laurence.christian@gmail.com","2 Maple St. ","Jamaica","NY",11432),
(576,"Shirely","Stanley","(915) 437-6113","shirely.stanley@gmail.com","73 White Avenue ","El Paso","TX",79930),
(577,"Danille","Mcfarland",NULL,"danille.mcfarland@msn.com","14 Tailwater St. ","Rocklin","CA",95677),
(578,"Salena","Day",NULL,"salena.day@msn.com","8067 Park Court ","San Lorenzo","CA",94580),
(579,"Matilda","Larson",NULL,"matilda.larson@hotmail.com","336 Saxon Court ","Harlingen","TX",78552),
(580,"Mellisa","Kim","(424) 151-6481","mellisa.kim@aol.com","17 Lyme Dr. ","Los Angeles","CA",90008),
(581,"Vonda","Berger",NULL,"vonda.berger@yahoo.com","615 S. Proctor Ave. ","Santa Clara","CA",95050),
(582,"Soledad","Moses",NULL,"soledad.moses@yahoo.com","85 Hickory Ave. ","Jackson Heights","NY",11372),
(583,"Lashandra","Turner","(562) 327-9469","lashandra.turner@hotmail.com","11 Marlborough Rd. ","Long Beach","NY",11561),
(584,"Lynne","Anderson","(915) 789-6666","lynne.anderson@msn.com","325 Inverness St. ","El Paso","TX",79930),
(585,"Chasidy","Webster",NULL,"chasidy.webster@msn.com","8296 S. Lookout Lane ","Rocklin","CA",95677),
(586,"Ulysses","Gaines",NULL,"ulysses.gaines@aol.com","22 Gregory Lane ","Monsey","NY",10952),
(587,"Euna","Lopez",NULL,"euna.lopez@gmail.com","7979 South Mountainview Ave. ","Carmel","NY",10512),
(588,"Cherelle","Key",NULL,"cherelle.key@msn.com","7739 Snake Hill Lane ","Valley Stream","NY",11580),
(589,"Jeffry","Church",NULL,"jeffry.church@msn.com","426 Grandrose Ave. ","Pleasanton","CA",94566),
(590,"Cyndi","Dyer",NULL,"cyndi.dyer@msn.com","313 West Argyle Ave. ","Baldwin","NY",11510),
(591,"Danilo","Holmes",NULL,"danilo.holmes@gmail.com","657 Manor Station Dr. ","Hicksville","NY",11801),
(592,"Joni","Lee",NULL,"joni.lee@gmail.com","8573 Proctor Street ","Centereach","NY",11720),
(593,"Antony","Atkinson",NULL,"antony.atkinson@msn.com","680 East Birchwood Lane ","Smithtown","NY",11787),
(594,"Deanne","Parsons",NULL,"deanne.parsons@aol.com","76 Amherst Drive ","Lindenhurst","NY",11757),
(595,"Frederica","Rojas",NULL,"frederica.rojas@yahoo.com","7835 West Jockey Hollow Rd. ","Ithaca","NY",14850),
(596,"Emelda","Dickerson",NULL,"emelda.dickerson@aol.com","7457 6th St. ","Hamburg","NY",14075),
(597,"Rudolf","Moran",NULL,"rudolf.moran@gmail.com","5 Birchwood Rd. ","Maspeth","NY",11378),
(598,"Benito","Hendrix",NULL,"benito.hendrix@gmail.com","676 S. Bowman Lane ","Depew","NY",14043),
(599,"Jonell","Rivas",NULL,"jonell.rivas@msn.com","8415 East High Point St. ","Amarillo","TX",79106),
(600,"Joi","Reeves","(619) 952-9613","joi.reeves@msn.com","9101 Williams Court ","San Diego","CA",92111),
(601,"Leland","Mcdowell",NULL,"leland.mcdowell@gmail.com","8034 E. Washington Lane ","Encino","CA",91316),
(602,"Delaine","Estes",NULL,"delaine.estes@yahoo.com","8916 Hartford Rd. ","Amarillo","TX",79106),
(603,"Genevieve","Juarez",NULL,"genevieve.juarez@gmail.com","93 Goldfield Drive ","New Hyde Park","NY",11040),
(604,"Kylee","Dickson",NULL,"kylee.dickson@gmail.com","7908 Sherwood Street ","Amityville","NY",11701),
(605,"Renita","Henry",NULL,"renita.henry@msn.com","474 Woodland Ave. ","New Rochelle","NY",10801),
(606,"Sarah","Kirkland",NULL,"sarah.kirkland@aol.com","42 N. Glendale Avenue ","Wappingers Falls","NY",12590),
(607,"Paul","Lester",NULL,"paul.lester@gmail.com","275 Clay St. ","Vista","CA",92083),
(608,"Taisha","Vang",NULL,"taisha.vang@yahoo.com","660 East Foster Lane ","Shirley","NY",11967),
(609,"Eliana","Reese",NULL,"eliana.reese@hotmail.com","7079 NE. Cross Drive ","Woodhaven","NY",11421),
(610,"Leonore","Dorsey",NULL,"leonore.dorsey@yahoo.com","8213 South Branch Avenue ","Jackson Heights","NY",11372),
(611,"Ashleigh","Frank",NULL,"ashleigh.frank@gmail.com","9008 Plymouth Street ","Levittown","NY",11756),
(612,"Gabriel","Wagner",NULL,"gabriel.wagner@msn.com","7921 Manhattan Ave. ","Ballston Spa","NY",12020),
(613,"Margene","Eaton",NULL,"margene.eaton@yahoo.com","43 Sugar Street ","Wantagh","NY",11793),
(614,"Toshia","Cardenas",NULL,"toshia.cardenas@gmail.com","878 Bayberry Street ","Amsterdam","NY",12010),
(615,"Jamika","Blanchard",NULL,"jamika.blanchard@gmail.com","420 Cambridge Street ","Fresh Meadows","NY",11365),
(616,"Shery","Acosta",NULL,"shery.acosta@yahoo.com","17 Canal Ave. ","Saratoga Springs","NY",12866),
(617,"Jenna","Saunders",NULL,"jenna.saunders@aol.com","4 Young St. ","Yorktown Heights","NY",10598),
(618,"Skye","Pope",NULL,"skye.pope@yahoo.com","121 S. Bay Meadows Ave. ","Richmond Hill","NY",11418),
(619,"Ana","Palmer","(657) 323-8684","ana.palmer@yahoo.com","7 Buckingham St. ","Anaheim","CA",92806),
(620,"Eric","Hardin",NULL,"eric.hardin@gmail.com","39 S. Parker Drive ","Jamaica","NY",11432),
(621,"Basil","Ballard",NULL,"basil.ballard@yahoo.com","7477 Belmont Ave. ","San Lorenzo","CA",94580),
(622,"Gabriel","Pitts",NULL,"gabriel.pitts@gmail.com","8462 Marshall Drive ","Clifton Park","NY",12065),
(623,"Cayla","Johnson",NULL,"cayla.johnson@msn.com","7091 Rockaway Avenue ","Coram","NY",11727),
(624,"Sharika","Colon","(562) 452-6136","sharika.colon@gmail.com","509 Henry Smith St. ","Long Beach","NY",11561),
(625,"Donnetta","Henson",NULL,"donnetta.henson@hotmail.com","2 Tallwood Drive ","Webster","NY",14580),
(626,"Leigh","Burke",NULL,"leigh.burke@hotmail.com","7651 Creek St. ","Schenectady","NY",12302),
(627,"Deloris","Larson",NULL,"deloris.larson@aol.com","242 Branch Street ","Duarte","CA",91010),
(628,"Ehtel","Cobb",NULL,"ehtel.cobb@hotmail.com","741 Rockville Drive ","Lockport","NY",14094),
(629,"Evelina","Byrd","(716) 601-7704","evelina.byrd@msn.com","628 S. Church St. ","Buffalo","NY",14215),
(630,"Zulema","Browning",NULL,"zulema.browning@gmail.com","12 NW. Lafayette St. ","Amsterdam","NY",12010),
(631,"Tressa","Weiss",NULL,"tressa.weiss@msn.com","52 Wild Rose Avenue ","Ossining","NY",10562),
(632,"Yvette","Rogers",NULL,"yvette.rogers@aol.com","3 SE. Oklahoma Drive ","Franklin Square","NY",11010),
(633,"Kiara","Deleon","(657) 378-8011","kiara.deleon@gmail.com","164 Addison Drive ","Anaheim","CA",92806),
(634,"Taylor","Cole",NULL,"taylor.cole@gmail.com","9408 Holly Lane ","Carmel","NY",10512),
(635,"Myrtie","James",NULL,"myrtie.james@yahoo.com","566 North Livingston Ave. ","Merrick","NY",11566),
(636,"Ashton","Lott",NULL,"ashton.lott@hotmail.com","609 Windfall Lane ","Floral Park","NY",11001),
(637,"Kara","Higgins",NULL,"kara.higgins@aol.com","758 Jennings Street ","Ossining","NY",10562),
(638,"Tomeka","Higgins",NULL,"tomeka.higgins@msn.com","591 W. Corona St. ","Poughkeepsie","NY",12601),
(639,"Ronald","Parsons",NULL,"ronald.parsons@msn.com","268 Pin Oak Rd. ","Maspeth","NY",11378),
(640,"Allison","Nolan","(845) 276-5729","allison.nolan@gmail.com","7421 Victoria St. ","New City","NY",10956),
(641,"Derrick","Marks",NULL,"derrick.marks@yahoo.com","7247 East Prairie Lane ","Glendora","CA",91740),
(642,"Yang","Roth",NULL,"yang.roth@aol.com","234 E. Shub Farm Ave. ","Webster","NY",14580),
(643,"Melba","Wilkinson",NULL,"melba.wilkinson@gmail.com","255 Harvard Dr. ","Floral Park","NY",11001),
(644,"Valentin","Mclaughlin",NULL,"valentin.mclaughlin@hotmail.com","56 Squaw Creek Street ","Lindenhurst","NY",11757),
(645,"Lewis","Garner","(631) 871-2512","lewis.garner@gmail.com","9550 East Greenrose St. ","Brentwood","NY",11717),
(646,"Ann","Heath",NULL,"ann.heath@msn.com","413 East St. ","South El Monte","CA",91733),
(647,"Janelle","Maldonado",NULL,"janelle.maldonado@gmail.com","34 Mammoth Street ","Richmond Hill","NY",11418),
(648,"Catrice","Hicks",NULL,"catrice.hicks@yahoo.com","403 Inverness Street ","San Pablo","CA",94806),
(649,"Eli","Contreras",NULL,"eli.contreras@hotmail.com","35 Highland Ave. ","Ronkonkoma","NY",11779),
(650,"Rita","Bailey",NULL,"rita.bailey@hotmail.com","69 Glenwood Street ","Ossining","NY",10562),
(651,"Laure","Pena",NULL,"laure.pena@yahoo.com","9849 West Elmwood St. ","Wappingers Falls","NY",12590),
(652,"Tilda","Melton","(248) 767-4165","tilda.melton@msn.com","237 Elmwood Drive ","Troy","NY",12180),
(653,"Florencio","Davenport",NULL,"florencio.davenport@yahoo.com","8759 Brookside Ave. ","Jamestown","NY",14701),
(654,"Eun","Harris","(619) 378-2432","eun.harris@gmail.com","623 Jones St. ","San Diego","CA",92111),
(655,"Marylyn","Browning",NULL,"marylyn.browning@msn.com","915 Lakeshore Street ","Scarsdale","NY",10583),
(656,"Romana","Barnes",NULL,"romana.barnes@yahoo.com","9776 Shipley Rd. ","Floral Park","NY",11001),
(657,"Sam","Lester",NULL,"sam.lester@gmail.com","563 South Beacon Lane ","Baldwin","NY",11510),
(658,"Nicki","Larson",NULL,"nicki.larson@yahoo.com","8317 West Leatherwood Dr. ","Monsey","NY",10952),
(659,"Antonetta","Rocha",NULL,"antonetta.rocha@yahoo.com","9858 Newcastle St. ","Port Chester","NY",10573),
(660,"Shara","Pope",NULL,"shara.pope@msn.com","194 Amherst Dr. ","Ridgecrest","CA",93555),
(661,"Trena","Hudson",NULL,"trena.hudson@hotmail.com","135 Grand Ave. ","Monroe","NY",10950),
(662,"Loraine","Sykes",NULL,"loraine.sykes@yahoo.com","9239 Windsor Ave. ","Scarsdale","NY",10583),
(663,"Alissa","Hood",NULL,"alissa.hood@gmail.com","8032 Maple Drive ","New Windsor","NY",12553),
(664,"Augustus","Schmidt",NULL,"augustus.schmidt@msn.com","624 Jones Dr. ","Corona","NY",11368),
(665,"Stacie","Sims","(510) 194-5117","stacie.sims@hotmail.com","47 Orange Ave. ","Oakland","CA",94603),
(666,"Brittni","Green",NULL,"brittni.green@msn.com","842 El Dorado Lane ","Floral Park","NY",11001),
(667,"Etsuko","Garrison",NULL,"etsuko.garrison@yahoo.com","1 Arrowhead Street ","Richmond Hill","NY",11418),
(668,"Calandra","Stanton",NULL,"calandra.stanton@aol.com","36 Livingston Dr. ","Lake Jackson","TX",77566),
(669,"Willis","Randolph",NULL,"willis.randolph@yahoo.com","332 Constitution St. ","Harlingen","TX",78552),
(670,"Shawnda","Glover",NULL,"shawnda.glover@gmail.com","138 Belmont Ave. ","Liverpool","NY",13090),
(671,"Jennette","Baker",NULL,"jennette.baker@gmail.com","798 Marvon St. ","Banning","CA",92220),
(672,"Elma","Molina",NULL,"elma.molina@msn.com","8565 Devon Ave. ","New Rochelle","NY",10801),
(673,"Adam","Henderson",NULL,"adam.henderson@hotmail.com","167 James St. ","Los Banos","CA",93635),
(674,"Ira","Moore",NULL,"ira.moore@gmail.com","1 Pineknoll Court ","Saratoga Springs","NY",12866),
(675,"Kermit","Bowman","(915) 996-5952","kermit.bowman@gmail.com","3 Airport Street ","El Paso","TX",79930),
(676,"Gayle","Wilkinson",NULL,"gayle.wilkinson@yahoo.com","4 Riverside Ave. ","Lindenhurst","NY",11757),
(677,"Launa","Hull",NULL,"launa.hull@yahoo.com","936 Grove Street ","Helotes","TX",78023),
(678,"Myron","Johns",NULL,"myron.johns@msn.com","5 N. Woodsman Rd. ","Whitestone","NY",11357),
(679,"Tuan","Wolfe",NULL,"tuan.wolfe@aol.com","7641 Oak Meadow Dr. ","West Babylon","NY",11704),
(680,"Mathilda","Pennington","(845) 407-9524","mathilda.pennington@gmail.com","14 S. Argyle Ave. ","New City","NY",10956),
(681,"Reatha","Perez",NULL,"reatha.perez@aol.com","9917 1st St. ","Holbrook","NY",11741),
(682,"Arnita","Thomas",NULL,"arnita.thomas@gmail.com","154 2nd St. ","Orchard Park","NY",14127),
(683,"Amparo","Burks",NULL,"amparo.burks@aol.com","7781 Augusta St. ","Merrick","NY",11566),
(684,"Jenny","Bell",NULL,"jenny.bell@hotmail.com","38 Crescent St. ","Niagara Falls","NY",14304),
(685,"Laverne","Craft",NULL,"laverne.craft@aol.com","829 N. Pierce Street ","Forest Hills","NY",11375),
(686,"Darcel","Harmon",NULL,"darcel.harmon@msn.com","966 Hickory Street ","Santa Clara","CA",95050),
(687,"Cecilia","Camacho",NULL,"cecilia.camacho@yahoo.com","682 Mountainview Rd. ","Desoto","TX",75115),
(688,"Pearlie","Cochran",NULL,"pearlie.cochran@msn.com","23 Homewood Rd. ","Campbell","CA",95008),
(689,"Deirdre","Ryan",NULL,"deirdre.ryan@yahoo.com","83 Jefferson Lane ","Utica","NY",13501),
(690,"Yevette","Elliott",NULL,"yevette.elliott@aol.com","182 Euclid Street ","Jackson Heights","NY",11372),
(691,"Ladawn","Downs","(281) 165-2090","ladawn.downs@yahoo.com","7452 S. Airport Court ","Houston","TX",77016),
(692,"Dorothea","Chang",NULL,"dorothea.chang@gmail.com","75 Oak Ave. ","Astoria","NY",11102),
(693,"Merlin","Foreman","(516) 150-1321","merlin.foreman@msn.com","8198 North Rockaway St. ","Hempstead","NY",11550),
(694,"Lanie","Dunn",NULL,"lanie.dunn@gmail.com","7583 Pilgrim Ave. ","North Tonawanda","NY",14120),
(695,"Christoper","Gould",NULL,"christoper.gould@aol.com","8718 South Constitution St. ","Shirley","NY",11967),
(696,"Norine","Huffman",NULL,"norine.huffman@aol.com","363 Dunbar Drive ","Encino","CA",91316),
(697,"Alane","Mccarty","(619) 377-8586","alane.mccarty@hotmail.com","8254 Hilldale Street ","San Diego","CA",92111),
(698,"Charleen","Joyner",NULL,"charleen.joyner@aol.com","735 N. John Dr. ","Corona","NY",11368),
(699,"Zella","Fernandez",NULL,"zella.fernandez@yahoo.com","8 Marshall Dr. ","Rockville Centre","NY",11570),
(700,"Collene","Knox","(361) 760-1523","collene.knox@msn.com","7 North Branch Lane ","Corpus Christi","TX",78418),
(701,"Alysia","Nicholson","(805) 493-7311","alysia.nicholson@hotmail.com","868 Trusel St. ","Oxnard","CA",93035),
(702,"Sharie","Whitaker",NULL,"sharie.whitaker@hotmail.com","7 Bayport Lane ","Merrick","NY",11566),
(703,"Diana","Cobb",NULL,"diana.cobb@hotmail.com","558 Vale St. ","Fullerton","CA",92831),
(704,"Morton","Barron","(661) 386-4884","morton.barron@msn.com","542 Circle Rd. ","Bakersfield","CA",93306),
(705,"Camille","Harvey",NULL,"camille.harvey@hotmail.com","859 Beaver Ridge Ave. ","Huntington","NY",11743),
(706,"Lolita","O'neill",NULL,"lolita.o'neill@aol.com","36 Prairie Dr. ","Massapequa Park","NY",11762),
(707,"Terese","Briggs",NULL,"terese.briggs@msn.com","16 N. Oak Valley St. ","Woodside","NY",11377),
(708,"Majorie","Glover",NULL,"majorie.glover@msn.com","4 Garden Ave. ","Apple Valley","CA",92307),
(709,"Vinnie","Chan",NULL,"vinnie.chan@aol.com","8750 Surrey St. ","Forest Hills","NY",11375),
(710,"Ezra","Silva",NULL,"ezra.silva@msn.com","8629 Catherine Rd. ","New Windsor","NY",12553),
(711,"Jovita","Bishop",NULL,"jovita.bishop@aol.com","8123 Wild Horse St. ","Staten Island","NY",10301),
(712,"Kecia","Olsen",NULL,"kecia.olsen@msn.com","8389 Central St. ","Santa Cruz","CA",95060),
(713,"Ilona","Spears",NULL,"ilona.spears@gmail.com","984 Canterbury Lane ","Port Jefferson Station","NY",11776),
(714,"Senaida","Thompson",NULL,"senaida.thompson@msn.com","578 Golf Drive ","Bronx","NY",10451),
(715,"Larae","Carney",NULL,"larae.carney@msn.com","9322 Glen Ridge Dr. ","Sunnyside","NY",11104),
(716,"Sebrina","Hart",NULL,"sebrina.hart@yahoo.com","7679 Pacific St. ","Coram","NY",11727),
(717,"Kristofer","Craig",NULL,"kristofer.craig@yahoo.com","6 Delaware Lane ","Plainview","NY",11803),
(718,"Luciana","Mcgee",NULL,"luciana.mcgee@msn.com","8002 Cross St. ","Selden","NY",11784),
(719,"Nicki","Fry",NULL,"nicki.fry@hotmail.com","950 Snake Hill Lane ","Endicott","NY",13760),
(720,"Devin","Shaffer","(507) 557-2191","devin.shaffer@gmail.com","382 Third Ave. ","Rochester","NY",14606),
(721,"Erlinda","Osborne",NULL,"erlinda.osborne@yahoo.com","148 Elm St. ","West Islip","NY",11795),
(722,"Camila","Carroll","(210) 436-8676","camila.carroll@yahoo.com","72 Shub Farm Avenue ","San Antonio","TX",78213),
(723,"Vicki","Wiggins",NULL,"vicki.wiggins@hotmail.com","71 Broad Ave. ","Wappingers Falls","NY",12590),
(724,"Lois","Steele",NULL,"lois.steele@yahoo.com","7501 South Marlborough Street ","Ossining","NY",10562),
(725,"Carola","Mcpherson",NULL,"carola.mcpherson@hotmail.com","578 Shirley Dr. ","Rego Park","NY",11374),
(726,"Rochell","Cantrell",NULL,"rochell.cantrell@yahoo.com","437 Water Dr. ","Port Jefferson Station","NY",11776),
(727,"Kasha","Sullivan",NULL,"kasha.sullivan@hotmail.com","48 Foster Rd. ","Scarsdale","NY",10583),
(728,"Viva","Dawson",NULL,"viva.dawson@yahoo.com","446 Princess Ave. ","Orchard Park","NY",14127),
(729,"Hue","Dalton",NULL,"hue.dalton@hotmail.com","7940 Oakwood Street ","Apple Valley","CA",92307),
(730,"Andria","Rivers",NULL,"andria.rivers@aol.com","183 Ohio Ave. ","Amarillo","TX",79106),
(731,"Hilary","Savage","(805) 753-6881","hilary.savage@yahoo.com","696 Howard Court ","Oxnard","CA",93035),
(732,"Lavona","Austin",NULL,"lavona.austin@yahoo.com","926 South Euclid St. ","Utica","NY",13501),
(733,"Doreatha","Ford",NULL,"doreatha.ford@yahoo.com","9413 Ryan Ave. ","Huntington","NY",11743),
(734,"Alina","Mcleod",NULL,"alina.mcleod@msn.com","20 Winchester Street ","Patchogue","NY",11772),
(735,"Aide","Franco",NULL,"aide.franco@msn.com","8017 Lake Forest St. ","Atwater","CA",95301),
(736,"Genny","Hensley",NULL,"genny.hensley@yahoo.com","8849 Marconi Ave. ","Redondo Beach","CA",90278),
(737,"Melita","Dominguez",NULL,"melita.dominguez@msn.com","9903 Santa Clara Lane ","Auburn","NY",13021),
(738,"Fannie","Jenkins","(805) 774-5696","fannie.jenkins@msn.com","7858 E. Pawnee Dr. ","Oxnard","CA",93035),
(739,"Bobbi","Banks",NULL,"bobbi.banks@yahoo.com","396 Wagon Rd. ","Bayside","NY",11361),
(740,"Gwenn","Melton",NULL,"gwenn.melton@yahoo.com","9545 Wakehurst Drive ","Centereach","NY",11720),
(741,"Laci","Castro",NULL,"laci.castro@hotmail.com","130 Birchpond Street ","Saint Albans","NY",11412),
(742,"Evelina","Manning",NULL,"evelina.manning@aol.com","7515 Spring St. ","Mount Vernon","NY",10550),
(743,"Tania","Swanson",NULL,"tania.swanson@yahoo.com","8646 Glen Eagles Ave. ","Longview","TX",75604),
(744,"Laurel","Schultz",NULL,"laurel.schultz@hotmail.com","812 E. 1st Lane ","Mount Vernon","NY",10550),
(745,"Carolyne","Conley",NULL,"carolyne.conley@gmail.com","431 Lees Creek Drive ","Floral Park","NY",11001),
(746,"Eldridge","Greer",NULL,"eldridge.greer@aol.com","131 E. Madison St. ","Central Islip","NY",11722),
(747,"Margret","Barnett",NULL,"margret.barnett@gmail.com","7509 Depot Rd. ","Forney","TX",75126),
(748,"Oliva","Blackwell",NULL,"oliva.blackwell@hotmail.com","54 Ramblewood St. ","Elmhurst","NY",11373),
(749,"Oralia","Farley",NULL,"oralia.farley@hotmail.com","747B E. Coffee Street ","Upland","CA",91784),
(750,"Romaine","Salazar",NULL,"romaine.salazar@yahoo.com","7700 Wentworth Rd. ","Monsey","NY",10952),
(751,"Hermila","Mckay",NULL,"hermila.mckay@yahoo.com","23 Garfield Dr. ","Coachella","CA",92236),
(752,"Lloyd","Miranda",NULL,"lloyd.miranda@hotmail.com","9098 Jennings St. ","Encino","CA",91316),
(753,"Mandi","Gibbs",NULL,"mandi.gibbs@gmail.com","80 Sycamore Drive ","East Elmhurst","NY",11369),
(754,"Hue","May",NULL,"hue.may@aol.com","19 S. Lawrence Dr. ","Valley Stream","NY",11580),
(755,"Tomika","Wilder",NULL,"tomika.wilder@aol.com","142 South Ocean St. ","New Hyde Park","NY",11040),
(756,"Graig","Roth",NULL,"graig.roth@aol.com","7516 Wrangler Street ","West Babylon","NY",11704),
(757,"Lamar","Greer",NULL,"lamar.greer@gmail.com","7909 Golden Star Ave. ","Levittown","NY",11756),
(758,"Raymonde","Garcia",NULL,"raymonde.garcia@aol.com","55 NE. North St. ","Queensbury","NY",12804),
(759,"Cira","Downs","(510) 788-4456","cira.downs@gmail.com","672 Sussex Ave. ","Oakland","CA",94603),
(760,"Marisa","Chambers",NULL,"marisa.chambers@msn.com","15 E. Rock Creek Ave. ","Amityville","NY",11701),
(761,"Rod","Hatfield",NULL,"rod.hatfield@hotmail.com","7090 Bridge Dr. ","Ronkonkoma","NY",11779),
(762,"Quyen","Houston",NULL,"quyen.houston@gmail.com","7758 Homewood Dr. ","Central Islip","NY",11722),
(763,"Han","Schneider",NULL,"han.schneider@gmail.com","40 Holly Street ","Elmhurst","NY",11373),
(764,"Terrell","Mathis",NULL,"terrell.mathis@aol.com","9320 Center Ave. ","Selden","NY",11784),
(765,"Spring","Hayes",NULL,"spring.hayes@hotmail.com","8591 Wentworth St. ","Ossining","NY",10562),
(766,"Lecia","Hancock",NULL,"lecia.hancock@hotmail.com","9167 Pineknoll St. ","Schenectady","NY",12302),
(767,"Twana","Arnold","(657) 988-1904","twana.arnold@msn.com","47 North Fairground Lane ","Anaheim","CA",92806),
(768,"Yvone","Yates",NULL,"yvone.yates@gmail.com","9269 Blue Spring Ave. ","San Pablo","CA",94806),
(769,"Agatha","Melton",NULL,"agatha.melton@yahoo.com","89 East Illinois Street ","Springfield Gardens","NY",11413),
(770,"Lavonda","Stephenson",NULL,"lavonda.stephenson@gmail.com","37 Birchwood Dr. ","Bay Shore","NY",11706),
(771,"Agnes","Sims","(716) 780-9901","agnes.sims@aol.com","170 Queen Lane ","Buffalo","NY",14215),
(772,"Latricia","Lindsey",NULL,"latricia.lindsey@hotmail.com","288 Campfire Dr. ","Yorktown Heights","NY",10598),
(773,"Yolando","Wade",NULL,"yolando.wade@hotmail.com","310 Wilson Ave. ","Massapequa","NY",11758),
(774,"Nenita","Mooney",NULL,"nenita.mooney@hotmail.com","10 W. Bishop Street ","Lawndale","CA",90260),
(775,"Kermit","Hyde",NULL,"kermit.hyde@hotmail.com","87 SE. Carson St. ","Patchogue","NY",11772),
(776,"Angelique","Merrill",NULL,"angelique.merrill@gmail.com","8490 West High Noon Ave. ","South El Monte","CA",91733),
(777,"Ilda","Roberson",NULL,"ilda.roberson@aol.com","8853 Lake St. ","Kingston","NY",12401),
(778,"Corrinne","Garrison",NULL,"corrinne.garrison@yahoo.com","81 East Glenwood Ave. ","Victoria","TX",77904),
(779,"Major","Merrill",NULL,"major.merrill@aol.com","78 Thatcher Court ","Astoria","NY",11102),
(780,"Ouida","Gregory",NULL,"ouida.gregory@aol.com","7984 8th Street ","Merrick","NY",11566),
(781,"Tajuana","Riddle",NULL,"tajuana.riddle@hotmail.com","24 St Margarets Ave. ","Bayside","NY",11361),
(782,"Ricki","Bullock",NULL,"ricki.bullock@hotmail.com","79 Pennington Rd. ","Woodside","NY",11377),
(783,"Celestine","Kent","(717) 890-4260","celestine.kent@aol.com","697 Fordham Street ","Lancaster","NY",14086),
(784,"Debbra","Jacobson",NULL,"debbra.jacobson@yahoo.com","8316 West Bedford Ave. ","Ballston Spa","NY",12020),
(785,"Kandis","Mills",NULL,"kandis.mills@hotmail.com","64 Beechwood Drive ","Hamburg","NY",14075),
(786,"Wallace","Lane",NULL,"wallace.lane@aol.com","901 Liberty St. ","South Richmond Hill","NY",11419),
(787,"Malisa","Mitchell",NULL,"malisa.mitchell@msn.com","87 Ridgewood Court ","Mount Vernon","NY",10550),
(788,"Lilliam","Nolan",NULL,"lilliam.nolan@msn.com","8976 Berkshire Court ","Copperas Cove","TX",76522),
(789,"Tad","Gardner",NULL,"tad.gardner@hotmail.com","9745 E. Wilson St. ","Niagara Falls","NY",14304),
(790,"Petronila","Gallegos",NULL,"petronila.gallegos@gmail.com","8053 Aspen St. ","Howard Beach","NY",11414),
(791,"Yun","Nelson",NULL,"yun.nelson@hotmail.com","529 Durham Street ","Ballston Spa","NY",12020),
(792,"Edgar","Horn",NULL,"edgar.horn@aol.com","7270 W. Cherry Hill Lane ","West Babylon","NY",11704),
(793,"Chantay","Maynard",NULL,"chantay.maynard@gmail.com","7483 1st Ave. ","Elmhurst","NY",11373),
(794,"Donette","Mccarthy",NULL,"donette.mccarthy@yahoo.com","500 NW. Maiden Dr. ","Redondo Beach","CA",90278),
(795,"Mariam","Miranda",NULL,"mariam.miranda@aol.com","18 East Washington Avenue ","Franklin Square","NY",11010),
(796,"Rosalie","Coffey",NULL,"rosalie.coffey@gmail.com","789 Amerige Dr. ","Upland","CA",91784),
(797,"Cathey","Lamb",NULL,"cathey.lamb@msn.com","9621 Ryan Drive ","Bayside","NY",11361),
(798,"Alyse","Jacobson",NULL,"alyse.jacobson@yahoo.com","10 West Devon Lane ","Massapequa Park","NY",11762),
(799,"India","Barron",NULL,"india.barron@msn.com","834 W. Pleasant Rd. ","Huntington","NY",11743),
(800,"Cris","Dunn",NULL,"cris.dunn@yahoo.com","1 Pawnee Street ","Pittsford","NY",14534),
(801,"Ophelia","Rodgers",NULL,"ophelia.rodgers@gmail.com","133 Joy Ridge Drive ","Hopewell Junction","NY",12533),
(802,"Barrett","Sanders",NULL,"barrett.sanders@aol.com","32 Hawthorne St. ","Longview","TX",75604),
(803,"Bernardina","Cooper",NULL,"bernardina.cooper@msn.com","223 Glen Creek Ave. ","Whitestone","NY",11357),
(804,"Douglas","Richards",NULL,"douglas.richards@hotmail.com","221 Arcadia Lane ","Valley Stream","NY",11580),
(805,"Phillis","Fowler",NULL,"phillis.fowler@aol.com","8976 N. Hall Street ","Clifton Park","NY",12065),
(806,"Reyes","Merritt",NULL,"reyes.merritt@yahoo.com","48 Lexington Rd. ","Staten Island","NY",10301),
(807,"Nathalie","Knowles",NULL,"nathalie.knowles@aol.com","4 Cactus Street ","West Islip","NY",11795),
(808,"Vallie","Dixon",NULL,"vallie.dixon@yahoo.com","85 E. Ann Drive ","Rowlett","TX",75088),
(809,"Elnora","Simpson",NULL,"elnora.simpson@yahoo.com","7157 Shore Ave. ","Bellmore","NY",11710),
(810,"Ivelisse","Nixon","(281) 941-4933","ivelisse.nixon@aol.com","782 Boston Ave. ","Houston","TX",77016),
(811,"Shanti","Johnston",NULL,"shanti.johnston@gmail.com","722 Alderwood Drive ","Staten Island","NY",10301),
(812,"Martha","Burgess",NULL,"martha.burgess@msn.com","9631 St Margarets Lane ","Woodhaven","NY",11421),
(813,"Neville","Mcclain",NULL,"neville.mcclain@yahoo.com","781 Buttonwood Ave. ","West Hempstead","NY",11552),
(814,"Ghislaine","Compton",NULL,"ghislaine.compton@aol.com","8930 Princess St. ","Lindenhurst","NY",11757),
(815,"Leanna","Manning",NULL,"leanna.manning@yahoo.com","39 E. Stillwater Ave. ","Hicksville","NY",11801),
(816,"Marshall","Johnson",NULL,"marshall.johnson@yahoo.com","44 Greenview St. ","Vista","CA",92083),
(817,"Zelda","Pratt","(717) 428-4018","zelda.pratt@gmail.com","74 Trusel Drive ","Lancaster","NY",14086),
(818,"Joel","Wynn","(619) 210-6032","joel.wynn@aol.com","7 North Oak Ave. ","San Diego","CA",92111),
(819,"Yahaira","Robertson",NULL,"yahaira.robertson@yahoo.com","142 Roehampton Dr. ","Endicott","NY",13760),
(820,"Sandy","Mills",NULL,"sandy.mills@gmail.com","333 Olive Ave. ","Schenectady","NY",12302),
(821,"Cassidy","Clark",NULL,"cassidy.clark@hotmail.com","9879 Old Kingston Road ","Astoria","NY",11102),
(822,"Kristy","Watkins",NULL,"kristy.watkins@gmail.com","977 South Brook Ave. ","Howard Beach","NY",11414),
(823,"Tina","Bush",NULL,"tina.bush@aol.com","8038 Bellevue Street ","Maspeth","NY",11378),
(824,"Veronika","Rollins",NULL,"veronika.rollins@yahoo.com","94 Arnold Ave. ","Webster","NY",14580),
(825,"Kristel","Byrd",NULL,"kristel.byrd@hotmail.com","9967 Piper Street ","Hicksville","NY",11801),
(826,"Shay","Stephenson",NULL,"shay.stephenson@aol.com","9569 4th Lane ","Smithtown","NY",11787),
(827,"George","Pickett",NULL,"george.pickett@msn.com","691 Rocky River St. ","Sunnyside","NY",11104),
(828,"Renato","Morton",NULL,"renato.morton@msn.com","8526 Sherwood Street ","Mount Vernon","NY",10550),
(829,"Marcy","Rodriguez",NULL,"marcy.rodriguez@gmail.com","97 Trusel Drive ","Lockport","NY",14094),
(830,"Edmund","Gaines",NULL,"edmund.gaines@gmail.com","8643 Gartner St. ","Copperas Cove","TX",76522),
(831,"Lory","Berg",NULL,"lory.berg@aol.com","64 Vine Drive ","Oswego","NY",13126),
(832,"Pamala","Fowler",NULL,"pamala.fowler@gmail.com","399 Leatherwood St. ","Ballston Spa","NY",12020),
(833,"Leone","Emerson",NULL,"leone.emerson@msn.com","460 Smith Store Ave. ","Whitestone","NY",11357),
(834,"Brain","Skinner",NULL,"brain.skinner@hotmail.com","8676 Ketch Harbour Ave. ","Euless","TX",76039),
(835,"Roseanne","Maynard",NULL,"roseanne.maynard@yahoo.com","219 Old Paris Hill Dr. ","Euless","TX",76039),
(836,"Corinna","Adams",NULL,"corinna.adams@msn.com","38 Trenton Court ","Rosedale","NY",11422),
(837,"Kellye","Campbell",NULL,"kellye.campbell@gmail.com","75 Marsh St. ","Baldwinsville","NY",13027),
(838,"Erna","Sloan",NULL,"erna.sloan@aol.com","9449 Fifth Avenue ","Howard Beach","NY",11414),
(839,"Carolann","Russell",NULL,"carolann.russell@hotmail.com","9308 Selby Ave. ","Glen Cove","NY",11542),
(840,"Gilbert","Calhoun",NULL,"gilbert.calhoun@msn.com","7339 Summer Drive ","East Elmhurst","NY",11369),
(841,"Manie","Maxwell",NULL,"manie.maxwell@gmail.com","85 Brickell Ave. ","Ronkonkoma","NY",11779),
(842,"Giselle","Robles",NULL,"giselle.robles@hotmail.com","9747 N. El Dorado Dr. ","San Angelo","TX",76901),
(843,"Tessie","Farmer",NULL,"tessie.farmer@msn.com","870 Cottage Ave. ","Plattsburgh","NY",12901),
(844,"Felica","Munoz",NULL,"felica.munoz@aol.com","24 West Rockwell Dr. ","South Ozone Park","NY",11420),
(845,"Kathyrn","Bush",NULL,"kathyrn.bush@gmail.com","90 Devon St. ","Bronx","NY",10451),
(846,"Sylvester","Chan",NULL,"sylvester.chan@hotmail.com","659 Arcadia Street ","Rocklin","CA",95677),
(847,"Lizette","Ellison",NULL,"lizette.ellison@hotmail.com","865 Sunbeam Street ","Port Washington","NY",11050),
(848,"Ernestina","Skinner",NULL,"ernestina.skinner@hotmail.com","52 Spring Drive ","Elmhurst","NY",11373),
(849,"Phyllis","Hill",NULL,"phyllis.hill@yahoo.com","576 Devon Ave. ","Syosset","NY",11791),
(850,"Stephanie","Browning",NULL,"stephanie.browning@yahoo.com","9156 Lantern St. ","Rowlett","TX",75088),
(851,"Arlena","Buckner",NULL,"arlena.buckner@hotmail.com","629 Locust Ave. ","New Hyde Park","NY",11040),
(852,"Lezlie","Thompson",NULL,"lezlie.thompson@yahoo.com","73 Vernon St. ","Freeport","NY",11520),
(853,"Brittney","Rojas",NULL,"brittney.rojas@aol.com","2 E. Overlook Ave. ","Kingston","NY",12401),
(854,"Phylis","Adkins","(212) 325-9145","phylis.adkins@msn.com","7781 James Ave. ","New York","NY",10002),
(855,"Lean","Stark",NULL,"lean.stark@msn.com","215 Old Pumpkin Hill St. ","Upland","CA",91784),
(856,"Lara","Guy",NULL,"lara.guy@aol.com","9809 E. Walnut Drive ","Ronkonkoma","NY",11779),
(857,"Inga","Koch",NULL,"inga.koch@msn.com","8445 South New Court ","New Windsor","NY",12553),
(858,"Klara","Kim",NULL,"klara.kim@gmail.com","9660 Sherman Lane ","Rome","NY",13440),
(859,"Julianne","Shannon",NULL,"julianne.shannon@hotmail.com","28 Applegate Street ","Sugar Land","TX",77478),
(860,"Loni","Mullen",NULL,"loni.mullen@msn.com","55 Thompson Avenue ","South Ozone Park","NY",11420),
(861,"Olympia","Figueroa",NULL,"olympia.figueroa@hotmail.com","587 Surrey St. ","Hopewell Junction","NY",12533),
(862,"Mellie","Puckett",NULL,"mellie.puckett@yahoo.com","64 Van Dyke St. ","Fresh Meadows","NY",11365),
(863,"Shonta","Preston",NULL,"shonta.preston@msn.com","74 Division St. ","Utica","NY",13501),
(864,"Lore","Sykes","(716) 382-5169","lore.sykes@aol.com","7050 Beach Drive ","Buffalo","NY",14215),
(865,"Julia","Joyner",NULL,"julia.joyner@msn.com","2 Valley View Dr. ","Astoria","NY",11102),
(866,"Lynwood","Jackson",NULL,"lynwood.jackson@aol.com","9449 Linda Street ","Longview","TX",75604),
(867,"Rosalva","Hamilton",NULL,"rosalva.hamilton@aol.com","9883 Cedar Dr. ","Campbell","CA",95008),
(868,"Domingo","Casey","(408) 761-9212","domingo.casey@msn.com","8665 Cypress Street ","San Jose","CA",95127),
(869,"Rodrigo","Durham",NULL,"rodrigo.durham@aol.com","82 Old Church Road ","Richmond Hill","NY",11418),
(870,"Dwain","Carlson",NULL,"dwain.carlson@gmail.com","951 North Trusel Ave. ","Smithtown","NY",11787),
(871,"Erlinda","Humphrey",NULL,"erlinda.humphrey@hotmail.com","532 South Victoria St. ","New Windsor","NY",12553),
(872,"Silas","Tate","(361) 219-2149","silas.tate@yahoo.com","9754 53rd Court ","Corpus Christi","TX",78418),
(873,"Patience","Clayton",NULL,"patience.clayton@hotmail.com","68 Chestnut Dr. ","Niagara Falls","NY",14304),
(874,"Mila","Good",NULL,"mila.good@yahoo.com","812 East Longbranch Ave. ","Plattsburgh","NY",12901),
(875,"Tanesha","Sawyer",NULL,"tanesha.sawyer@aol.com","9B Kingston Lane ","Rosedale","NY",11422),
(876,"Onita","Macdonald",NULL,"onita.macdonald@yahoo.com","94 Wood St. ","Glen Cove","NY",11542),
(877,"Janine","Manning",NULL,"janine.manning@gmail.com","9118B Campfire St. ","Howard Beach","NY",11414),
(878,"Melodie","Melton",NULL,"melodie.melton@yahoo.com","12 S. 8th Road ","Smithtown","NY",11787),
(879,"Ethelyn","Ray",NULL,"ethelyn.ray@yahoo.com","80 South Sutor Lane ","Garden City","NY",11530),
(880,"Phebe","Turner",NULL,"phebe.turner@aol.com","4 West York Street ","Sunnyside","NY",11104),
(881,"Chloe","Patel",NULL,"chloe.patel@yahoo.com","407 Homewood Street ","Santa Monica","CA",90403),
(882,"Hilda","Harvey",NULL,"hilda.harvey@gmail.com","9808 W. Cleveland Ave. ","Ballston Spa","NY",12020),
(883,"Gilberte","Duke","(915) 903-7860","gilberte.duke@gmail.com","12 Birchwood Dr. ","El Paso","TX",79930),
(884,"Willian","Hardin",NULL,"willian.hardin@msn.com","836 West Street ","Oswego","NY",13126),
(885,"Janna","Hayden",NULL,"janna.hayden@msn.com","32 Hilldale Street ","Longview","TX",75604),
(886,"Letisha","May",NULL,"letisha.may@yahoo.com","9965 Princeton Lane ","North Tonawanda","NY",14120),
(887,"Graig","Cannon",NULL,"graig.cannon@gmail.com","36 Oklahoma Ave. ","Syosset","NY",11791),
(888,"Coleen","Navarro",NULL,"coleen.navarro@aol.com","990 Broad Rd. ","Webster","NY",14580),
(889,"Lucilla","Williams",NULL,"lucilla.williams@hotmail.com","42 Cedar Street ","San Carlos","CA",94070),
(890,"Rosanne","George",NULL,"rosanne.george@yahoo.com","38 Pleasant St. ","Ossining","NY",10562),
(891,"Ashlie","Parrish",NULL,"ashlie.parrish@hotmail.com","48 Mill Drive ","Monsey","NY",10952),
(892,"Alissa","Craft",NULL,"alissa.craft@hotmail.com","249 Maple Street ","Ossining","NY",10562),
(893,"Letty","Cobb",NULL,"letty.cobb@msn.com","8652 Wellington Street ","Depew","NY",14043),
(894,"Nathaniel","Richard",NULL,"nathaniel.richard@gmail.com","3 Nicolls Lane ","New Windsor","NY",12553),
(895,"Elaina","Key",NULL,"elaina.key@msn.com","1 Main St. ","Plainview","NY",11803),
(896,"Stefani","Gamble","(845) 724-2996","stefani.gamble@aol.com","9119 W. Victoria St. ","New City","NY",10956),
(897,"Bettyann","Acosta","(717) 746-6658","bettyann.acosta@gmail.com","7949 Chapel St. ","Lancaster","NY",14086),
(898,"Crysta","Velez","(281) 529-3469","crysta.velez@yahoo.com","64 South Front Street ","Houston","TX",77016),
(899,"Carisa","Carpenter",NULL,"carisa.carpenter@hotmail.com","551 Belmont Lane ","Victoria","TX",77904),
(900,"Jule","Davenport",NULL,"jule.davenport@aol.com","19 River St. ","San Carlos","CA",94070),
(901,"Lonna","Franks",NULL,"lonna.franks@yahoo.com","667 Brickyard Street ","Ontario","CA",91762),
(902,"Elease","Dejesus",NULL,"elease.dejesus@gmail.com","7800 Magnolia Street ","Oswego","NY",13126),
(903,"Maira","Long",NULL,"maira.long@msn.com","7587 Bear Hill Street ","Hicksville","NY",11801),
(904,"Jana","Thomas","(408) 624-8137","jana.thomas@yahoo.com","283 E. Spring Dr. ","San Jose","CA",95127),
(905,"Hae","Ramirez",NULL,"hae.ramirez@hotmail.com","9367 Lake Street ","Baldwinsville","NY",13027),
(906,"Erik","Leblanc",NULL,"erik.leblanc@aol.com","7 East Nut Swamp Street ","Sugar Land","TX",77478),
(907,"Daina","Sampson",NULL,"daina.sampson@msn.com","556 Wellington St. ","Longview","TX",75604),
(908,"Delmar","Wise",NULL,"delmar.wise@yahoo.com","8355 Kingston Avenue ","Lockport","NY",14094),
(909,"Alita","Salinas",NULL,"alita.salinas@hotmail.com","8550 Bear Hill Ave. ","Uniondale","NY",11553),
(910,"Elenore","William",NULL,"elenore.william@msn.com","23 Rockland St. ","Mcallen","TX",78501),
(911,"Nikita","Roy",NULL,"nikita.roy@aol.com","9703 N. Snake Hill St. ","Pittsford","NY",14534),
(912,"Inocencia","Key",NULL,"inocencia.key@hotmail.com","36 Wild Rose Ave. ","Massapequa Park","NY",11762),
(913,"Liliana","Kerr",NULL,"liliana.kerr@yahoo.com","3 Cherry Drive ","Desoto","TX",75115),
(914,"Hortencia","O'neil",NULL,"hortencia.o'neil@hotmail.com","1 Gulf Rd. ","Rockville Centre","NY",11570),
(915,"Beryl","Bennett","(916) 422-6956","beryl.bennett@aol.com","9563 Edgemont St. ","Sacramento","CA",95820),
(916,"Alishia","Elliott",NULL,"alishia.elliott@aol.com","8905 Courtland Ave. ","Mount Vernon","NY",10550),
(917,"Vernia","Madden","(248) 206-3697","vernia.madden@aol.com","5 Iroquois Street ","Troy","NY",12180),
(918,"Kristel","Bullock",NULL,"kristel.bullock@yahoo.com","7292 Armstrong Drive ","Smithtown","NY",11787),
(919,"Ruthanne","Hoover",NULL,"ruthanne.hoover@aol.com","835 Paris Hill Road ","Torrance","CA",90505),
(920,"James","Robles",NULL,"james.robles@aol.com","9 Chapel Lane ","North Tonawanda","NY",14120),
(921,"Evelin","Vargas",NULL,"evelin.vargas@msn.com","7049 Pin Oak Ave. ","Webster","NY",14580),
(922,"Elvia","Cardenas",NULL,"elvia.cardenas@hotmail.com","8 Paris Hill St. ","Massapequa","NY",11758),
(923,"Randee","Pitts",NULL,"randee.pitts@msn.com","7371B Essex Street ","Canyon Country","CA",91387),
(924,"Lea","Irwin",NULL,"lea.irwin@gmail.com","845 Adams Lane ","New Windsor","NY",12553),
(925,"Bryce","Monroe",NULL,"bryce.monroe@aol.com","52 Cooper Lane ","Kingston","NY",12401),
(926,"Katina","Mcintosh","(661) 464-1523","katina.mcintosh@yahoo.com","263 Swanson Dr. ","Bakersfield","CA",93306),
(927,"Guillermo","Hart","(212) 652-7198","guillermo.hart@hotmail.com","81 Indian Summer Drive ","New York","NY",10002),
(928,"Joann","Barber",NULL,"joann.barber@gmail.com","8945 Courtland Street ","Santa Monica","CA",90403),
(929,"Thurman","Ellis",NULL,"thurman.ellis@gmail.com","20 Augusta Road ","Pleasanton","CA",94566),
(930,"Delana","Wagner",NULL,"delana.wagner@aol.com","8499 Mill Pond Road ","Clifton Park","NY",12065),
(931,"Porter","Bass",NULL,"porter.bass@hotmail.com","370 North Alderwood Dr. ","San Angelo","TX",76901),
(932,"Yvonne","Bean",NULL,"yvonne.bean@yahoo.com","20 W. Marsh Ave. ","Wappingers Falls","NY",12590),
(933,"Lurline","Rivers",NULL,"lurline.rivers@msn.com","69 Pine Street ","Howard Beach","NY",11414),
(934,"Ocie","Slater",NULL,"ocie.slater@msn.com","7799 W. Bohemia Dr. ","Hamburg","NY",14075),
(935,"Genevie","Miles",NULL,"genevie.miles@aol.com","45 West Sulphur Springs Ave. ","Monroe","NY",10950),
(936,"Sherilyn","Wilcox",NULL,"sherilyn.wilcox@gmail.com","905 North Buckingham Lane ","Ossining","NY",10562),
(937,"Aida","Koch",NULL,"aida.koch@gmail.com","9778 3rd Drive ","West Hempstead","NY",11552),
(938,"Emory","O'connor","(507) 606-2192","emory.o'connor@gmail.com","34 Foxrun Street ","Rochester","NY",14606),
(939,"Maximina","Hutchinson","(361) 164-3098","maximina.hutchinson@hotmail.com","53 Stillwater Avenue ","Corpus Christi","TX",78418),
(940,"Marina","Hinton",NULL,"marina.hinton@yahoo.com","7440 North Oxford St. ","Encino","CA",91316),
(941,"Danyell","Dickerson",NULL,"danyell.dickerson@msn.com","8306 Fieldstone Dr. ","Central Islip","NY",11722),
(942,"Davis","Long","(717) 653-1755","davis.long@msn.com","929 Elmwood Dr. ","Lancaster","NY",14086),
(943,"Lynn","Mcmahon",NULL,"lynn.mcmahon@msn.com","9 Surrey St. ","Scarsdale","NY",10583),
(944,"Tonja","Henderson",NULL,"tonja.henderson@aol.com","82 Alton St. ","Scarsdale","NY",10583),
(945,"Krissy","Ochoa",NULL,"krissy.ochoa@msn.com","80 Queen Ave. ","Port Washington","NY",11050),
(946,"Angella","Bridges",NULL,"angella.bridges@yahoo.com","8708 Sycamore St. ","Pittsford","NY",14534),
(947,"Angele","Castro",NULL,"angele.castro@yahoo.com","15 Acacia Drive ","Palos Verdes Peninsula","CA",90274),
(948,"Siobhan","Lang",NULL,"siobhan.lang@gmail.com","3 Monroe Lane ","Levittown","NY",11756),
(949,"Venessa","Frost",NULL,"venessa.frost@msn.com","621 West School Rd. ","Scarsdale","NY",10583),
(950,"Verna","Solis","(507) 115-1633","verna.solis@yahoo.com","7 Lincoln Lane ","Rochester","NY",14606),
(951,"Steve","Bender",NULL,"steve.bender@gmail.com","908 N. Pennington Dr. ","Scarsdale","NY",10583),
(952,"Aileen","Marquez",NULL,"aileen.marquez@msn.com","8899 Newbridge Street ","Torrance","CA",90505),
(953,"Kattie","Stevenson",NULL,"kattie.stevenson@aol.com","52 Carson Street ","Helotes","TX",78023),
(954,"Hassan","Nash",NULL,"hassan.nash@yahoo.com","8105 University Lane ","Hicksville","NY",11801),
(955,"Delfina","Gilliam",NULL,"delfina.gilliam@hotmail.com","9463 Bayberry Rd. ","West Babylon","NY",11704),
(956,"Venus","Hewitt",NULL,"venus.hewitt@msn.com","9835 Old Cemetery Lane ","Farmingdale","NY",11735),
(957,"Stephen","Vega","(657) 288-3778","stephen.vega@msn.com","5 Briarwood St. ","Anaheim","CA",92806),
(958,"Ciera","Koch",NULL,"ciera.koch@gmail.com","881 Lawrence Drive ","Euless","TX",76039),
(959,"Christel","Barber","(916) 679-3547","christel.barber@hotmail.com","320 Briarwood Lane ","Sacramento","CA",95820),
(960,"Arline","Lawson","(516) 792-3395","arline.lawson@gmail.com","48 Whitemarsh Lane ","Hempstead","NY",11550),
(961,"Iva","Wilcox",NULL,"iva.wilcox@aol.com","452 South Mayflower Drive ","Kingston","NY",12401),
(962,"Maple","Griffin",NULL,"maple.griffin@gmail.com","20 Glendale Drive ","Copperas Cove","TX",76522),
(963,"Anisha","Lang",NULL,"anisha.lang@aol.com","265 Peachtree St. ","Rome","NY",13440),
(964,"Brent","Calderon","(361) 981-8725","brent.calderon@aol.com","3 Thomas St. ","Corpus Christi","TX",78418),
(965,"Margit","Osborn",NULL,"margit.osborn@yahoo.com","909 Gulf Drive ","Plainview","NY",11803),
(966,"Novella","Patel",NULL,"novella.patel@gmail.com","500 Livingston Street ","Glen Cove","NY",11542),
(967,"Laurette","Hebert",NULL,"laurette.hebert@msn.com","18 South Constitution Court ","Canandaigua","NY",14424),
(968,"Jonna","Brown",NULL,"jonna.brown@aol.com","1 Spring Drive ","Mahopac","NY",10541),
(969,"Jennell","Solis","(507) 421-7354","jennell.solis@hotmail.com","194 2nd Rd. ","Rochester","NY",14606),
(970,"Ruth","Horton",NULL,"ruth.horton@gmail.com","488 Mulberry Ave. ","Hollis","NY",11423),
(971,"Samual","Warner","(631) 151-4988","samual.warner@gmail.com","8735 Thatcher Dr. ","Brentwood","NY",11717),
(972,"Damian","Mills","(562) 924-3079","damian.mills@yahoo.com","7747 Elm Dr. ","Long Beach","NY",11561),
(973,"Margaretta","Clayton",NULL,"margaretta.clayton@yahoo.com","524 San Pablo Ave. ","Ridgecrest","CA",93555),
(974,"Marcell","Barrett",NULL,"marcell.barrett@gmail.com","266 Elm Drive ","Astoria","NY",11102),
(975,"Annis","Sanchez","(424) 352-6275","annis.sanchez@aol.com","4 Edgewater Road ","Los Angeles","CA",90008),
(976,"Ayanna","Cherry",NULL,"ayanna.cherry@yahoo.com","8829 Galvin Rd. ","Smithtown","NY",11787),
(977,"Barton","Cox",NULL,"barton.cox@yahoo.com","8220 Creekside Street ","Amityville","NY",11701),
(978,"Diana","Reyes",NULL,"diana.reyes@msn.com","7415 Annadale St. ","Bronx","NY",10451),
(979,"Ingeborg","Ellison",NULL,"ingeborg.ellison@yahoo.com","360 Trusel St. ","Ithaca","NY",14850),
(980,"Carter","Booth",NULL,"carter.booth@msn.com","82 Beech Drive ","Port Chester","NY",10573),
(981,"Christel","Cardenas","(562) 342-8083","christel.cardenas@aol.com","428 S. Swanson Drive ","Long Beach","NY",11561),
(982,"Orval","Hunter",NULL,"orval.hunter@aol.com","35 Wagon Drive ","San Angelo","TX",76901),
(983,"Marguerite","Berger",NULL,"marguerite.berger@aol.com","875 Arch Lane ","Fullerton","CA",92831),
(984,"Ivette","Warren",NULL,"ivette.warren@gmail.com","8408 Thomas Street ","Franklin Square","NY",11010),
(985,"Milagros","Weber",NULL,"milagros.weber@hotmail.com","7591 Glendale Ave. ","Harlingen","TX",78552),
(986,"Marcel","Lindsay",NULL,"marcel.lindsay@hotmail.com","249 Peninsula St. ","Ossining","NY",10562),
(987,"Louis","Powell",NULL,"louis.powell@aol.com","368 Sugar Rd. ","Staten Island","NY",10301),
(988,"Vanda","Holmes",NULL,"vanda.holmes@aol.com","9835 Wild Rose Drive ","Syosset","NY",11791),
(989,"Loreen","Byers",NULL,"loreen.byers@yahoo.com","83 S. Rockledge Circle ","South Ozone Park","NY",11420),
(990,"Casimira","Chapman",NULL,"casimira.chapman@yahoo.com","67 Snake Hill St. ","Monroe","NY",10950),
(991,"Brigida","Larson",NULL,"brigida.larson@hotmail.com","8789 Sycamore Lane ","Canyon Country","CA",91387),
(992,"Chere","Alston",NULL,"chere.alston@gmail.com","16 Lower River Street ","Patchogue","NY",11772),
(993,"Giovanna","Jefferson",NULL,"giovanna.jefferson@gmail.com","9394 Riverside St. ","Ridgecrest","CA",93555),
(994,"Demarcus","Reese",NULL,"demarcus.reese@gmail.com","8087 Armstrong Dr. ","Yorktown Heights","NY",10598),
(995,"Amina","Salazar",NULL,"amina.salazar@aol.com","944 Wellington Street ","Canandaigua","NY",14424),
(996,"Serafina","Clemons",NULL,"serafina.clemons@gmail.com","851 Brown Ave. ","Shirley","NY",11967),
(997,"Trinidad","Mcclain",NULL,"trinidad.mcclain@msn.com","98 Tunnel Drive ","Baldwin","NY",11510),
(998,"Heather","Chaney",NULL,"heather.chaney@yahoo.com","4 Morris Dr. ","Jamestown","NY",14701),
(999,"Latoya","Johns",NULL,"latoya.johns@hotmail.com","7914 W. Woodsman St. ","Ballston Spa","NY",12020),
(1000,"Shiloh","Reeves",NULL,"shiloh.reeves@msn.com","818 Kirkland Lane ","West Babylon","NY",11704),
(1001,"Lee","Roman","(631) 913-6967","lee.roman@gmail.com","4 Canal Ave. ","Brentwood","NY",11717),
(1002,"Cami","Williamson",NULL,"cami.williamson@hotmail.com","9511A Windsor Drive ","Massapequa","NY",11758),
(1003,"Sharell","Ross",NULL,"sharell.ross@msn.com","7830 Devonshire Ave. ","Vista","CA",92083),
(1004,"Jerald","Blackwell",NULL,"jerald.blackwell@hotmail.com","8364 South Wakehurst Ave. ","East Elmhurst","NY",11369),
(1005,"Ruthanne","Franco",NULL,"ruthanne.franco@yahoo.com","61 Applegate St. ","Astoria","NY",11102),
(1006,"Marjory","Leonard",NULL,"marjory.leonard@msn.com","800 Greystone Lane ","Apple Valley","CA",92307),
(1007,"Jimmy","Russell",NULL,"jimmy.russell@hotmail.com","33 Iroquois Ave. ","Howard Beach","NY",11414),
(1008,"Berneice","Pollard",NULL,"berneice.pollard@hotmail.com","607 Bohemia Street ","Forney","TX",75126),
(1009,"Deangelo","Cooley",NULL,"deangelo.cooley@aol.com","3 NE. Edgewood Rd. ","Rosedale","NY",11422),
(1010,"Katia","Henry",NULL,"katia.henry@msn.com","69 E. Columbia Ave. ","Bethpage","NY",11714),
(1011,"Sebrina","Gross",NULL,"sebrina.gross@yahoo.com","993 Glendale Drive ","Garland","TX",75043),
(1012,"Josephine","Dale",NULL,"josephine.dale@aol.com","8214 West Drive ","Baldwinsville","NY",13027),
(1013,"Alma","Peck",NULL,"alma.peck@aol.com","298 South Bay Meadows Drive ","Corona","NY",11368),
(1014,"Ling","Newman",NULL,"ling.newman@msn.com","832 Spring Road ","South Richmond Hill","NY",11419),
(1015,"Nichelle","Rosario",NULL,"nichelle.rosario@hotmail.com","709 Dunbar Ave. ","Garden City","NY",11530),
(1016,"Shenna","Benton","(212) 578-2912","shenna.benton@msn.com","57 Shadow Brook Road ","New York","NY",10002),
(1017,"Philip","Bryan","(510) 533-4262","philip.bryan@hotmail.com","914 Devonshire Court ","Oakland","CA",94603),
(1018,"Carita","Salinas",NULL,"carita.salinas@yahoo.com","90 Griffin Street ","Maspeth","NY",11378),
(1019,"Janie","Herrera",NULL,"janie.herrera@gmail.com","652 Westport Street ","Elmhurst","NY",11373),
(1020,"Lorraine","Marks",NULL,"lorraine.marks@msn.com","160 North Pearl Street ","San Carlos","CA",94070),
(1021,"Nicolas","Carlson",NULL,"nicolas.carlson@yahoo.com","7899 Spruce Street ","Saint Albans","NY",11412),
(1022,"Hye","Mercer",NULL,"hye.mercer@gmail.com","9681 Redwood St. ","Mahopac","NY",10541),
(1023,"Adena","Blake",NULL,"adena.blake@hotmail.com","684 Westport Drive ","Ballston Spa","NY",12020),
(1024,"Coleman","Boyd","(915) 607-6336","coleman.boyd@yahoo.com","9740 Bay Meadows Drive ","El Paso","TX",79930),
(1025,"Daphine","Willis",NULL,"daphine.willis@msn.com","152 Shady St. ","Farmingdale","NY",11735),
(1026,"Jenine","Dawson",NULL,"jenine.dawson@msn.com","17 Park Street ","Endicott","NY",13760),
(1027,"Shanita","Wiley",NULL,"shanita.wiley@yahoo.com","121 Bridge Lane ","Saint Albans","NY",11412),
(1028,"Shanna","Bonner",NULL,"shanna.bonner@msn.com","386 Lafayette Road ","Canandaigua","NY",14424),
(1029,"Ping","Quinn",NULL,"ping.quinn@gmail.com","9051 Hanover Dr. ","Rowlett","TX",75088),
(1030,"Saran","Moses",NULL,"saran.moses@yahoo.com","94 Hall Dr. ","Brooklyn","NY",11201),
(1031,"Tonja","Bean",NULL,"tonja.bean@aol.com","9 Middle River St. ","Fairport","NY",14450),
(1032,"Vernon","Knowles",NULL,"vernon.knowles@yahoo.com","5 Olive Lane ","Huntington Station","NY",11746),
(1033,"Jeannette","Skinner",NULL,"jeannette.skinner@yahoo.com","8886 High Point Drive ","Forest Hills","NY",11375),
(1034,"Rico","Salas",NULL,"rico.salas@msn.com","8041 Walt Whitman St. ","Centereach","NY",11720),
(1035,"Tangela","Hurley",NULL,"tangela.hurley@msn.com","49 North Cross St. ","Campbell","CA",95008),
(1036,"Randee","Lester",NULL,"randee.lester@gmail.com","81 Bear Hill Street ","Centereach","NY",11720),
(1037,"Ashanti","Hammond",NULL,"ashanti.hammond@msn.com","9202 W. Lyme Ave. ","Nanuet","NY",10954),
(1038,"Garry","Juarez",NULL,"garry.juarez@hotmail.com","670 Nut Swamp Drive ","Forest Hills","NY",11375),
(1039,"Bee","Baker",NULL,"bee.baker@aol.com","307 E. Magnolia St. ","Liverpool","NY",13090),
(1040,"Shantae","Hammond",NULL,"shantae.hammond@hotmail.com","526 Harvard Drive ","Victoria","TX",77904),
(1041,"Bettye","Espinoza",NULL,"bettye.espinoza@yahoo.com","76 Rockwell Street ","Oswego","NY",13126),
(1042,"Larissa","Hays",NULL,"larissa.hays@aol.com","66 2nd Drive ","Elmont","NY",11003),
(1043,"Diane","Jones",NULL,"diane.jones@gmail.com","859 Prince St. ","Fresh Meadows","NY",11365),
(1044,"Zenia","Bruce",NULL,"zenia.bruce@aol.com","349 James Road ","Rosedale","NY",11422),
(1045,"Pasquale","Hogan",NULL,"pasquale.hogan@aol.com","403 Bank St. ","Vista","CA",92083),
(1046,"Dane","Mcdaniel",NULL,"dane.mcdaniel@hotmail.com","891 Court Ave. ","Canandaigua","NY",14424),
(1047,"Jamaal","Baker",NULL,"jamaal.baker@hotmail.com","186 Big Rock Cove Ave. ","Elmhurst","NY",11373),
(1048,"Ji","Burt",NULL,"ji.burt@hotmail.com","40 S. Roberts Street ","Apple Valley","CA",92307),
(1049,"Marcelino","Mcbride",NULL,"marcelino.mcbride@hotmail.com","29 Oxford Ave. ","Clifton Park","NY",12065),
(1050,"Rozella","Fitzgerald",NULL,"rozella.fitzgerald@yahoo.com","7795 Myers Ave. ","Shirley","NY",11967),
(1051,"Tonisha","Fowler",NULL,"tonisha.fowler@msn.com","9270 Valley View Lane ","Huntington Station","NY",11746),
(1052,"Zora","Ford","(916) 192-3196","zora.ford@gmail.com","7416 La Sierra Dr. ","Sacramento","CA",95820),
(1053,"Parthenia","Figueroa",NULL,"parthenia.figueroa@msn.com","550 Theatre Dr. ","Mahopac","NY",10541),
(1054,"Arielle","Levine",NULL,"arielle.levine@yahoo.com","7100 High Ridge St. ","Garland","TX",75043),
(1055,"Hildegarde","Christensen",NULL,"hildegarde.christensen@hotmail.com","488 East Mill Pond Ave. ","Maspeth","NY",11378),
(1056,"Rebbecca","Espinoza",NULL,"rebbecca.espinoza@hotmail.com","8266 Valley Farms Road ","Mount Vernon","NY",10550),
(1057,"Conchita","Boone",NULL,"conchita.boone@gmail.com","814 Birchpond Lane ","Mount Vernon","NY",10550),
(1058,"Aisha","Woods",NULL,"aisha.woods@gmail.com","9292 Bear Hill Ave. ","Webster","NY",14580),
(1059,"Season","Harvey",NULL,"season.harvey@yahoo.com","388 Arnold Court ","East Northport","NY",11731),
(1060,"Tommie","Cooley","(717) 634-4113","tommie.cooley@yahoo.com","92 Hickory St. ","Lancaster","NY",14086),
(1061,"Alanna","Barry",NULL,"alanna.barry@yahoo.com","33 Laurel Avenue ","Euless","TX",76039),
(1062,"Jerri","Guthrie",NULL,"jerri.guthrie@msn.com","95 Sugar Dr. ","Carmel","NY",10512),
(1063,"Tammy","Austin",NULL,"tammy.austin@yahoo.com","182 Stillwater Ave. ","Lake Jackson","TX",77566),
(1064,"Patsy","Russo",NULL,"patsy.russo@gmail.com","8438 Fairway Avenue ","Rowlett","TX",75088),
(1065,"Desiree","Branch",NULL,"desiree.branch@msn.com","67 Bayport Drive ","San Lorenzo","CA",94580),
(1066,"Raeann","Duncan","(657) 256-2008","raeann.duncan@aol.com","126 Edgewood St. ","Anaheim","CA",92806),
(1067,"Lillia","Gillespie",NULL,"lillia.gillespie@hotmail.com","382 Cardinal Dr. ","Rego Park","NY",11374),
(1068,"Doris","Kaufman",NULL,"doris.kaufman@gmail.com","69 Fairground Dr. ","Duarte","CA",91010),
(1069,"Rodolfo","Buck",NULL,"rodolfo.buck@gmail.com","8359 Brewery Street ","Shirley","NY",11967),
(1070,"Olimpia","Mays",NULL,"olimpia.mays@aol.com","42 Nichols Lane ","Oakland Gardens","NY",11364),
(1071,"Shemeka","Lyons",NULL,"shemeka.lyons@msn.com","97 South Jockey Hollow St. ","Pomona","CA",91768),
(1072,"Maryalice","Henry",NULL,"maryalice.henry@msn.com","85 Prince Street ","Richardson","TX",75080),
(1073,"Leeanne","Cross",NULL,"leeanne.cross@yahoo.com","424 Newcastle Road ","Bayside","NY",11361),
(1074,"Lanelle","Guerra",NULL,"lanelle.guerra@yahoo.com","989 Wrangler St. ","Floral Park","NY",11001),
(1075,"Dann","Huff",NULL,"dann.huff@gmail.com","475 S. Rockville St. ","Huntington Station","NY",11746),
(1076,"Sherise","Mercer",NULL,"sherise.mercer@gmail.com","9401 Catherine Dr. ","Vista","CA",92083),
(1077,"Heather","Perry",NULL,"heather.perry@gmail.com","982 Durham Street ","Sunnyside","NY",11104),
(1078,"Theresia","Barron",NULL,"theresia.barron@aol.com","951 Wild Rose Street ","Forest Hills","NY",11375),
(1079,"Cindi","Ellis",NULL,"cindi.ellis@yahoo.com","6 Cypress Lane ","Floral Park","NY",11001),
(1080,"Mirella","Duffy",NULL,"mirella.duffy@yahoo.com","43 University Ave. ","Longview","TX",75604),
(1081,"Carson","Macias",NULL,"carson.macias@gmail.com","7 Pennington St. ","New Rochelle","NY",10801),
(1082,"Divina","Madden","(562) 264-3998","divina.madden@gmail.com","7314 Armstrong St. ","Long Beach","NY",11561),
(1083,"Cher","Alston",NULL,"cher.alston@msn.com","38 Wild Horse Road ","Wantagh","NY",11793),
(1084,"Regine","Odom",NULL,"regine.odom@msn.com","684 N. Mayfield Ave. ","Franklin Square","NY",11010),
(1085,"Adam","Thornton",NULL,"adam.thornton@hotmail.com","755 East Henry Lane ","Central Islip","NY",11722),
(1086,"Cori","Schwartz",NULL,"cori.schwartz@msn.com","43 Lancaster Lane ","Jamaica","NY",11432),
(1087,"Willow","Gardner",NULL,"willow.gardner@gmail.com","57 S. Lakewood Dr. ","Pleasanton","CA",94566),
(1088,"Jane","Henderson",NULL,"jane.henderson@hotmail.com","46 Carson Drive ","Apple Valley","CA",92307),
(1089,"Chere","Mcfadden",NULL,"chere.mcfadden@yahoo.com","695 San Pablo Drive ","Orchard Park","NY",14127),
(1090,"Ira","Erickson",NULL,"ira.erickson@aol.com","6 Lake Forest St. ","Port Jefferson Station","NY",11776),
(1091,"Risa","Gallagher",NULL,"risa.gallagher@yahoo.com","8281 Edgefield Drive ","Rocklin","CA",95677),
(1092,"Lavinia","Cotton",NULL,"lavinia.cotton@yahoo.com","7485 Bridle Street ","East Northport","NY",11731),
(1093,"Alejandrina","Hodges",NULL,"alejandrina.hodges@msn.com","7598 Shadow Brook St. ","Deer Park","NY",11729),
(1094,"Keitha","Black",NULL,"keitha.black@yahoo.com","7670 Hilldale Ave. ","Lindenhurst","NY",11757),
(1095,"Corene","Swanson",NULL,"corene.swanson@aol.com","597 Lakeshore Lane ","Rego Park","NY",11374),
(1096,"Tonda","Webb",NULL,"tonda.webb@yahoo.com","53 SW. Edgemont Rd. ","Baldwinsville","NY",13027),
(1097,"Collen","Dennis",NULL,"collen.dennis@gmail.com","284 E. Mill Street ","San Pablo","CA",94806),
(1098,"Treasa","Dickerson",NULL,"treasa.dickerson@hotmail.com","70 W. Creekside Road ","Rockville Centre","NY",11570),
(1099,"Jewell","Reyes",NULL,"jewell.reyes@hotmail.com","8711 Glen Creek Drive ","Jackson Heights","NY",11372),
(1100,"Penny","Acevedo",NULL,"penny.acevedo@yahoo.com","318 Mulberry Drive ","Ballston Spa","NY",12020),
(1101,"Louise","Flowers",NULL,"louise.flowers@yahoo.com","28 N. Gregory Court ","Depew","NY",14043),
(1102,"Henrietta","Wagner","(682) 143-2224","henrietta.wagner@hotmail.com","54 Brickyard St. ","Fort Worth","TX",76110),
(1103,"Ardelia","Cooley",NULL,"ardelia.cooley@aol.com","59 Henry Smith St. ","Canyon Country","CA",91387),
(1104,"Khalilah","Robertson",NULL,"khalilah.robertson@aol.com","22 Longbranch Rd. ","Spring Valley","NY",10977),
(1105,"Armando","Black",NULL,"armando.black@gmail.com","8611 N. Poor House St. ","Richardson","TX",75080),
(1106,"Jerri","Henry",NULL,"jerri.henry@msn.com","141 N. Purple Finch Avenue ","Spring Valley","NY",10977),
(1107,"Lynda","Newman",NULL,"lynda.newman@msn.com","44 SW. Thomas Ave. ","Saratoga Springs","NY",12866),
(1108,"Bao","Wade",NULL,"bao.wade@gmail.com","7587 Church St. ","Desoto","TX",75115),
(1109,"Gussie","Harding",NULL,"gussie.harding@gmail.com","41 Edgefield Avenue ","Deer Park","NY",11729),
(1110,"Shirely","Cantrell",NULL,"shirely.cantrell@aol.com","6 Kent Street ","West Hempstead","NY",11552),
(1111,"Caroline","Jenkins",NULL,"caroline.jenkins@msn.com","86 River Lane ","Richardson","TX",75080),
(1112,"Hollis","Rasmussen",NULL,"hollis.rasmussen@yahoo.com","8949 S. Gates Road ","Massapequa","NY",11758),
(1113,"Kendra","Harrington",NULL,"kendra.harrington@yahoo.com","768 Cooper Street ","Jamestown","NY",14701),
(1114,"Douglass","Blankenship","(229) 891-2087","douglass.blankenship@hotmail.com","409 W. Rock Maple Lane ","Albany","NY",12203),
(1115,"Lina","Meadows",NULL,"lina.meadows@aol.com","7020 Ashley Rd. ","Glen Cove","NY",11542),
(1116,"Patria","Harper",NULL,"patria.harper@msn.com","90 Arlington St. ","Astoria","NY",11102),
(1117,"Jeffrey","Hill",NULL,"jeffrey.hill@gmail.com","2 Shub Farm St. ","Rosedale","NY",11422),
(1118,"Ja","Dillard",NULL,"ja.dillard@yahoo.com","25 Orchard St. ","Canyon Country","CA",91387),
(1119,"Tora","Dunlap",NULL,"tora.dunlap@hotmail.com","9903 North Halifax Ave. ","Monsey","NY",10952),
(1120,"Karole","Alvarez",NULL,"karole.alvarez@gmail.com","69 Woodland St. ","East Northport","NY",11731),
(1121,"Shasta","Combs",NULL,"shasta.combs@yahoo.com","726 James Dr. ","Yorktown Heights","NY",10598),
(1122,"Cicely","Deleon",NULL,"cicely.deleon@yahoo.com","751 Newbridge Ave. ","Massapequa Park","NY",11762),
(1123,"Raphael","O'neil",NULL,"raphael.o'neil@aol.com","762 East Lantern Dr. ","Fairport","NY",14450),
(1124,"Hubert","Reilly",NULL,"hubert.reilly@hotmail.com","9004 N. Lake Rd. ","Amityville","NY",11701),
(1125,"Caleb","England",NULL,"caleb.england@gmail.com","649 Marvon St. ","Pleasanton","CA",94566),
(1126,"Elmira","Levy",NULL,"elmira.levy@gmail.com","6 Columbia Dr. ","Spring Valley","NY",10977),
(1127,"Waldo","Hart",NULL,"waldo.hart@yahoo.com","9782 Pineknoll Lane ","Queensbury","NY",12804),
(1128,"Bea","Kane",NULL,"bea.kane@aol.com","398 Green Lake Ave. ","Mahopac","NY",10541),
(1129,"Gilberto","Sanders",NULL,"gilberto.sanders@hotmail.com","186 Roehampton Ave. ","Woodside","NY",11377),
(1130,"Benny","Bender",NULL,"benny.bender@aol.com","520 W. Hamilton St. ","Elmont","NY",11003),
(1131,"Desmond","Rose",NULL,"desmond.rose@hotmail.com","9956 Lexington Rd. ","Mount Vernon","NY",10550),
(1132,"Parthenia","Holman",NULL,"parthenia.holman@gmail.com","17 Orange Court ","Ithaca","NY",14850),
(1133,"Dung","King",NULL,"dung.king@aol.com","523 Prairie St. ","West Islip","NY",11795),
(1134,"Sherril","Alvarado",NULL,"sherril.alvarado@hotmail.com","9434 Cypress Court ","Desoto","TX",75115),
(1135,"Alisia","Albert",NULL,"alisia.albert@gmail.com","9490 Coffee St. ","Garland","TX",75043),
(1136,"Kallie","Best","(507) 997-4112","kallie.best@aol.com","9842 Fairview St. ","Rochester","NY",14606),
(1137,"Dottie","Roberts",NULL,"dottie.roberts@aol.com","8252 Theatre St. ","Port Washington","NY",11050),
(1138,"Hubert","Stone",NULL,"hubert.stone@hotmail.com","203 Penn St. ","Ridgecrest","CA",93555),
(1139,"Gabriella","Jones",NULL,"gabriella.jones@hotmail.com","9100 Gates Ave. ","Mount Vernon","NY",10550),
(1140,"Penney","Hall",NULL,"penney.hall@msn.com","8306 Jockey Hollow Street ","Liverpool","NY",13090),
(1141,"Mallie","Osborn",NULL,"mallie.osborn@gmail.com","9022 Bridgeton St. ","Newburgh","NY",12550),
(1142,"Britteny","Schroeder",NULL,"britteny.schroeder@aol.com","855 Bohemia Dr. ","Pittsford","NY",14534),
(1143,"Sommer","Hopkins",NULL,"sommer.hopkins@gmail.com","827 Laurel Ave. ","Tonawanda","NY",14150),
(1144,"Jewel","Sparks",NULL,"jewel.sparks@aol.com","12 Vine Road ","Oakland Gardens","NY",11364),
(1145,"Deandrea","Vega","(914) 818-7312","deandrea.vega@gmail.com","613 Mill Pond St. ","Yonkers","NY",10701),
(1146,"Charlsie","Carson",NULL,"charlsie.carson@hotmail.com","3 South Grant Avenue ","Saint Albans","NY",11412),
(1147,"Kandace","Ayers",NULL,"kandace.ayers@gmail.com","9005 Lookout Lane ","Santa Monica","CA",90403),
(1148,"Lenore","Valdez",NULL,"lenore.valdez@msn.com","829 Birchpond Street ","Spring Valley","NY",10977),
(1149,"Drucilla","Gilliam",NULL,"drucilla.gilliam@hotmail.com","8257 E. Westminster Ave. ","Santa Clara","CA",95050),
(1150,"Keturah","Reid","(361) 394-2024","keturah.reid@yahoo.com","747 SE. Beech Ave. ","Corpus Christi","TX",78418),
(1151,"Herminia","Reyes",NULL,"herminia.reyes@gmail.com","782 Stonybrook Street ","Centereach","NY",11720),
(1152,"Tuyet","Rosa",NULL,"tuyet.rosa@aol.com","9038 Golden Star Street ","South El Monte","CA",91733),
(1153,"Ara","Vazquez",NULL,"ara.vazquez@msn.com","343 2nd Court ","San Carlos","CA",94070),
(1154,"Barry","Albert",NULL,"barry.albert@gmail.com","13 Grand St. ","Auburn","NY",13021),
(1155,"Verdell","Joyner",NULL,"verdell.joyner@aol.com","9191 Sierra St. ","Far Rockaway","NY",11691),
(1156,"Han","Wade",NULL,"han.wade@hotmail.com","587 Sulphur Springs St. ","Howard Beach","NY",11414),
(1157,"Anton","Barton","(716) 472-3707","anton.barton@msn.com","7284 East Indian Spring Rd. ","Buffalo","NY",14215),
(1158,"Vito","Pickett",NULL,"vito.pickett@hotmail.com","93 High Point Street ","Canandaigua","NY",14424),
(1159,"Charlene","Norris",NULL,"charlene.norris@msn.com","972 South Sierra Drive ","Syosset","NY",11791),
(1160,"Efren","Whitfield",NULL,"efren.whitfield@gmail.com","139 Union Rd. ","Euless","TX",76039),
(1161,"Santa","Larson",NULL,"santa.larson@gmail.com","5 Bellevue Dr. ","Valley Stream","NY",11580),
(1162,"Carmelina","Sellers",NULL,"carmelina.sellers@hotmail.com","12 Race St. ","Ithaca","NY",14850),
(1163,"Carmela","Hays",NULL,"carmela.hays@aol.com","149 Pennington Ave. ","Lawndale","CA",90260),
(1164,"Patrina","Tanner",NULL,"patrina.tanner@gmail.com","7136 Selby Road ","Scarsdale","NY",10583),
(1165,"Rikki","Morrow","(682) 936-1482","rikki.morrow@hotmail.com","7096 Plumb Branch Road ","Fort Worth","TX",76110),
(1166,"Junita","Reese",NULL,"junita.reese@gmail.com","8773 North Walt Whitman Court ","Bay Shore","NY",11706),
(1167,"Ryan","Carter",NULL,"ryan.carter@yahoo.com","8684 Studebaker Road ","Nanuet","NY",10954),
(1168,"Almeta","Benjamin",NULL,"almeta.benjamin@aol.com","8456 Oakwood St. ","Sunnyside","NY",11104),
(1169,"Beatris","Joyner",NULL,"beatris.joyner@gmail.com","7463 Gonzales Rd. ","Spring Valley","NY",10977),
(1170,"Mechelle","Chan",NULL,"mechelle.chan@gmail.com","458 Overlook Street ","Richmond Hill","NY",11418),
(1171,"Earlean","Pena",NULL,"earlean.pena@yahoo.com","7698 Fulton St. ","Rome","NY",13440),
(1172,"Katherin","Clark",NULL,"katherin.clark@yahoo.com","996 Iroquois Street ","Pittsford","NY",14534),
(1173,"Chanel","May",NULL,"chanel.may@msn.com","806 Saxton Court ","Garden City","NY",11530),
(1174,"Aaron","Knapp","(914) 402-4335","aaron.knapp@yahoo.com","807 Grandrose Ave. ","Yonkers","NY",10701),
(1175,"Sindy","Anderson",NULL,"sindy.anderson@gmail.com","543 Halifax Ave. ","Pomona","CA",91768),
(1176,"Sheree","Blanchard",NULL,"sheree.blanchard@gmail.com","41 Glenwood Ave. ","Queensbury","NY",12804),
(1177,"Charlesetta","Soto",NULL,"charlesetta.soto@yahoo.com","25 South Colonial Drive ","Poughkeepsie","NY",12601),
(1178,"Wendie","Nash","(805) 389-2549","wendie.nash@hotmail.com","9 South Road ","Oxnard","CA",93035),
(1179,"Vernetta","Banks",NULL,"vernetta.banks@aol.com","7633 Albany St. ","Brooklyn","NY",11201),
(1180,"Myrtle","Gardner",NULL,"myrtle.gardner@aol.com","303 Creekside Street ","Farmingdale","NY",11735),
(1181,"Agustina","Lawrence",NULL,"agustina.lawrence@yahoo.com","9347 Delaware Ave. ","Brooklyn","NY",11201),
(1182,"Trinidad","Chapman",NULL,"trinidad.chapman@aol.com","7371 Glen Eagles Street ","Ronkonkoma","NY",11779),
(1183,"Kim","Clark",NULL,"kim.clark@msn.com","19 Liberty St. ","Merrick","NY",11566),
(1184,"Annabelle","Hebert",NULL,"annabelle.hebert@aol.com","9745 Nicolls Lane ","Spring Valley","NY",10977),
(1185,"Corine","Stuart",NULL,"corine.stuart@msn.com","5 Penn Street ","Clifton Park","NY",12065),
(1186,"Kiesha","Bond",NULL,"kiesha.bond@aol.com","29 Marvon St. ","San Carlos","CA",94070),
(1187,"Kenyetta","Mason",NULL,"kenyetta.mason@msn.com","98 Poplar Ave. ","Flushing","NY",11354),
(1188,"Marcene","Curtis","(914) 361-6045","marcene.curtis@msn.com","7699 Illinois Lane ","Yonkers","NY",10701),
(1189,"Sheila","Goodman",NULL,"sheila.goodman@msn.com","9586 Chestnut St. ","Uniondale","NY",11553),
(1190,"Romeo","Steele",NULL,"romeo.steele@msn.com","162 Crescent Lane ","Port Jefferson Station","NY",11776),
(1191,"Tam","Fisher","(507) 351-9375","tam.fisher@aol.com","8000 Woodsman Lane ","Rochester","NY",14606),
(1192,"Gena","Owens",NULL,"gena.owens@gmail.com","43 Buckingham St. ","Desoto","TX",75115),
(1193,"Phebe","Soto",NULL,"phebe.soto@hotmail.com","9239 Leatherwood Rd. ","South Ozone Park","NY",11420),
(1194,"Leticia","Snyder",NULL,"leticia.snyder@yahoo.com","173 Lyme Dr. ","Pittsford","NY",14534),
(1195,"Chantell","Bridges","(716) 941-6072","chantell.bridges@yahoo.com","8478 N. Wrangler Dr. ","Buffalo","NY",14215),
(1196,"Ileana","Holt",NULL,"ileana.holt@msn.com","817 Adams St. ","Patchogue","NY",11772),
(1197,"Nakisha","Clay",NULL,"nakisha.clay@gmail.com","8996 Beechwood Ave. ","Port Washington","NY",11050),
(1198,"Cheryll","Snyder",NULL,"cheryll.snyder@yahoo.com","77 E. Liberty St. ","Brooklyn","NY",11201),
(1199,"Consuela","Collier",NULL,"consuela.collier@msn.com","338 S. Holly Avenue ","North Tonawanda","NY",14120),
(1200,"Aubrey","Durham",NULL,"aubrey.durham@aol.com","14 Foster Ave. ","Port Washington","NY",11050),
(1201,"Nita","Guy",NULL,"nita.guy@hotmail.com","75 Academy Street ","Port Chester","NY",10573),
(1202,"Carmina","Emerson",NULL,"carmina.emerson@hotmail.com","7137 Monroe Road ","Banning","CA",92220),
(1203,"Georgeann","Rojas",NULL,"georgeann.rojas@msn.com","691 Devon Ave. ","Desoto","TX",75115),
(1204,"Leslie","Higgins",NULL,"leslie.higgins@hotmail.com","805 Logan Ave. ","Saratoga Springs","NY",12866),
(1205,"Emmaline","Huber",NULL,"emmaline.huber@gmail.com","7975 Harrison Rd. ","Mount Vernon","NY",10550),
(1206,"Mercy","Brown",NULL,"mercy.brown@msn.com","8207 Central Street ","Hollis","NY",11423),
(1207,"Jenell","Crosby","(631) 544-4772","jenell.crosby@hotmail.com","507 Fulton Street ","Brentwood","NY",11717),
(1208,"Leila","Barr",NULL,"leila.barr@yahoo.com","120 Fremont Rd. ","Carmel","NY",10512),
(1209,"Deandrea","Cox",NULL,"deandrea.cox@msn.com","617 Sycamore Street ","Huntington","NY",11743),
(1210,"Shawnna","Frank",NULL,"shawnna.frank@hotmail.com","17 NW. Cottage Lane ","Woodside","NY",11377),
(1211,"Brenton","Whitaker",NULL,"brenton.whitaker@gmail.com","25 Elmwood Rd. ","Niagara Falls","NY",14304),
(1212,"Jaqueline","Cummings",NULL,"jaqueline.cummings@hotmail.com","478 Wrangler St. ","Huntington Station","NY",11746),
(1213,"Yang","Giles",NULL,"yang.giles@gmail.com","25 Bridle Lane ","San Angelo","TX",76901),
(1214,"Brigid","Sharp",NULL,"brigid.sharp@hotmail.com","495 Sleepy Hollow Court ","Santa Clara","CA",95050),
(1215,"Karl","Stephens",NULL,"karl.stephens@gmail.com","208 Thatcher Rd. ","Rockville Centre","NY",11570),
(1216,"Elvina","Gates",NULL,"elvina.gates@hotmail.com","112 Smith St. ","Pleasanton","CA",94566),
(1217,"Carlie","Terrell","(914) 517-8036","carlie.terrell@yahoo.com","7437 Snake Hill Road ","Yonkers","NY",10701),
(1218,"Donovan","Cantrell","(510) 624-3824","donovan.cantrell@msn.com","601 Winchester Dr. ","Oakland","CA",94603),
(1219,"Alden","Atkinson",NULL,"alden.atkinson@gmail.com","46 Valley St. ","Shirley","NY",11967),
(1220,"Carissa","Cross",NULL,"carissa.cross@yahoo.com","9335 West Main Dr. ","Huntington Station","NY",11746),
(1221,"Joy","Underwood",NULL,"joy.underwood@gmail.com","7297 Armstrong Dr. ","Apple Valley","CA",92307),
(1222,"Geraldine","O'donnell",NULL,"geraldine.o'donnell@hotmail.com","8241 Lookout Rd. ","Flushing","NY",11354),
(1223,"Bronwyn","Vargas",NULL,"bronwyn.vargas@msn.com","35 James Street ","New Windsor","NY",12553),
(1224,"Abram","Copeland",NULL,"abram.copeland@gmail.com","9782 Indian Spring Lane ","Harlingen","TX",78552),
(1225,"Mellisa","Griffin",NULL,"mellisa.griffin@msn.com","49 Alton Circle ","Los Banos","CA",93635),
(1226,"Qiana","Jackson",NULL,"qiana.jackson@gmail.com","56 Galvin Street ","East Northport","NY",11731),
(1227,"Magali","Dixon","(248) 279-5331","magali.dixon@msn.com","815 Del Monte Court ","Troy","NY",12180),
(1228,"Zulema","Clemons","(510) 565-8496","zulema.clemons@aol.com","75 W. Howard St. ","Oakland","CA",94603),
(1229,"Carina","Lynch",NULL,"carina.lynch@gmail.com","64 Jennings Road ","Wappingers Falls","NY",12590),
(1230,"Jesus","Burch",NULL,"jesus.burch@hotmail.com","7024 Squaw Creek Street ","Desoto","TX",75115),
(1231,"Selene","Vega",NULL,"selene.vega@gmail.com","11 Sierra St. ","Campbell","CA",95008),
(1232,"Jong","Guthrie",NULL,"jong.guthrie@hotmail.com","889 Leatherwood Drive ","Bethpage","NY",11714),
(1233,"Lise","Hebert",NULL,"lise.hebert@gmail.com","140 East Broad Lane ","Vista","CA",92083),
(1234,"Joshua","Berg",NULL,"joshua.berg@hotmail.com","16 East St. ","Ossining","NY",10562),
(1235,"Georgina","Gonzales",NULL,"georgina.gonzales@yahoo.com","307 Chapel St. ","Endicott","NY",13760),
(1236,"Rudolph","Velez",NULL,"rudolph.velez@yahoo.com","9397 Pleasant Drive ","Mount Vernon","NY",10550),
(1237,"Luke","Kramer",NULL,"luke.kramer@hotmail.com","7955 Delaware Drive ","Bethpage","NY",11714),
(1238,"Edgar","Quinn",NULL,"edgar.quinn@aol.com","556 Dogwood Ave. ","Harlingen","TX",78552),
(1239,"Tara","Maynard",NULL,"tara.maynard@hotmail.com","9375 Fordham Street ","Lindenhurst","NY",11757),
(1240,"Bella","Perez",NULL,"bella.perez@msn.com","43 Green Lake Street ","Duarte","CA",91010),
(1241,"Nathaniel","Davidson",NULL,"nathaniel.davidson@hotmail.com","7476 Henry Smith Street ","Rome","NY",13440),
(1242,"Chauncey","Donaldson",NULL,"chauncey.donaldson@aol.com","7412 Golf Ave. ","Franklin Square","NY",11010),
(1243,"Heide","Reed",NULL,"heide.reed@yahoo.com","9174 Coffee Drive ","Floral Park","NY",11001),
(1244,"Trang","Hardin",NULL,"trang.hardin@yahoo.com","9255 Myers Drive ","Depew","NY",14043),
(1245,"Gabriela","Warren","(562) 986-2247","gabriela.warren@aol.com","9947 Brewery Ave. ","Long Beach","NY",11561),
(1246,"Dale","Rasmussen",NULL,"dale.rasmussen@aol.com","8590 Adams Street ","Kingston","NY",12401),
(1247,"Tammie","Cherry",NULL,"tammie.cherry@hotmail.com","791 Wakehurst Dr. ","Massapequa","NY",11758),
(1248,"Bethany","Herring",NULL,"bethany.herring@yahoo.com","7563 High Point Street ","Port Jefferson Station","NY",11776),
(1249,"Barbra","Dickerson",NULL,"barbra.dickerson@gmail.com","8424 E. Rockcrest Dr. ","Ridgecrest","CA",93555),
(1250,"Neoma","Daugherty",NULL,"neoma.daugherty@gmail.com","80 Spring Street ","Mount Vernon","NY",10550),
(1251,"Nanette","Roman",NULL,"nanette.roman@yahoo.com","8254 North Riverview Street ","Glendora","CA",91740),
(1252,"Adriene","Rollins",NULL,"adriene.rollins@msn.com","55 Cambridge Street ","Plainview","NY",11803),
(1253,"Susannah","Fields",NULL,"susannah.fields@hotmail.com","17 Railroad Street ","Far Rockaway","NY",11691),
(1254,"Dung","Reid",NULL,"dung.reid@msn.com","468 West Washington Ave. ","Canyon Country","CA",91387),
(1255,"Ben","Stone",NULL,"ben.stone@gmail.com","8855 University St. ","Ithaca","NY",14850),
(1256,"Nubia","Anderson",NULL,"nubia.anderson@aol.com","584 NW. Hilldale Drive ","Ronkonkoma","NY",11779),
(1257,"Rosamaria","Meyer",NULL,"rosamaria.meyer@yahoo.com","446 Elizabeth St. ","Webster","NY",14580),
(1258,"Todd","Waters",NULL,"todd.waters@yahoo.com","92 Cedar Swamp Street ","Bay Shore","NY",11706),
(1259,"Kimbery","Nieves",NULL,"kimbery.nieves@msn.com","768 Roehampton St. ","San Carlos","CA",94070),
(1260,"Phuong","Wolf",NULL,"phuong.wolf@yahoo.com","7765 N. Annadale Dr. ","Schenectady","NY",12302),
(1261,"Adelaida","Hancock",NULL,"adelaida.hancock@aol.com","669 S. Gartner Street ","San Pablo","CA",94806),
(1262,"Brianne","Hays",NULL,"brianne.hays@gmail.com","88 Tailwater Ave. ","San Pablo","CA",94806),
(1263,"Rufina","Chandler",NULL,"rufina.chandler@aol.com","7985 Alderwood Street ","New Hyde Park","NY",11040),
(1264,"Devin","Velazquez","(631) 254-8497","devin.velazquez@aol.com","61 Redwood St. ","Brentwood","NY",11717),
(1265,"Bonita","Marshall",NULL,"bonita.marshall@msn.com","48 Bald Hill Drive ","Endicott","NY",13760),
(1266,"Myrl","Gay",NULL,"myrl.gay@hotmail.com","8708 Taylor Lane ","Garland","TX",75043),
(1267,"Earline","Gordon",NULL,"earline.gordon@gmail.com","81 Railroad Drive ","Ronkonkoma","NY",11779),
(1268,"Sung","Chambers",NULL,"sung.chambers@gmail.com","369 N. Virginia Street ","Kingston","NY",12401),
(1269,"Gustavo","Gamble",NULL,"gustavo.gamble@msn.com","8054 W. Meadowbrook Street ","Port Washington","NY",11050),
(1270,"Ciera","Webb",NULL,"ciera.webb@yahoo.com","958 Anderson Ave. ","Orchard Park","NY",14127),
(1271,"Roy","Chan",NULL,"roy.chan@hotmail.com","7578 Middle River St. ","Pomona","CA",91768),
(1272,"Houston","Vasquez",NULL,"houston.vasquez@msn.com","845 Aspen Street ","Fullerton","CA",92831),
(1273,"Cheree","Hale",NULL,"cheree.hale@yahoo.com","95 Lyme Avenue ","Oswego","NY",13126),
(1274,"Odette","Moses",NULL,"odette.moses@gmail.com","899 Overlook Lane ","Newburgh","NY",12550),
(1275,"Lenita","Bonner",NULL,"lenita.bonner@aol.com","7286 Swanson Drive ","Los Banos","CA",93635),
(1276,"Shona","Mcmillan",NULL,"shona.mcmillan@msn.com","57 West Maple Dr. ","Apple Valley","CA",92307),
(1277,"Piedad","Irwin",NULL,"piedad.irwin@hotmail.com","581 Garden St. ","Coram","NY",11727),
(1278,"Loan","Graham",NULL,"loan.graham@yahoo.com","57 Glen Eagles St. ","Jackson Heights","NY",11372),
(1279,"Stan","Saunders",NULL,"stan.saunders@yahoo.com","407 Essex Dr. ","Canandaigua","NY",14424),
(1280,"Jackeline","Colon",NULL,"jackeline.colon@msn.com","9916 Cedarwood Drive ","Wappingers Falls","NY",12590),
(1281,"Marlen","Dawson",NULL,"marlen.dawson@msn.com","67 Oak Valley Street ","Woodside","NY",11377),
(1282,"Alexis","Mack","(845) 707-6088","alexis.mack@aol.com","7767 Sutor Ave. ","New City","NY",10956),
(1283,"Mica","Barry",NULL,"mica.barry@yahoo.com","3 SE. Sugar St. ","Hopewell Junction","NY",12533),
(1284,"Shanice","Spears",NULL,"shanice.spears@msn.com","5 Piper Ave. ","Brooklyn","NY",11201),
(1285,"Garth","Huff",NULL,"garth.huff@yahoo.com","794 East University St. ","Glendora","CA",91740),
(1286,"Dione","Pratt",NULL,"dione.pratt@msn.com","864 Winding Way St. ","Pleasanton","CA",94566),
(1287,"Victor","Pittman",NULL,"victor.pittman@aol.com","9294 Devon Dr. ","Astoria","NY",11102),
(1288,"Allie","Conley",NULL,"allie.conley@msn.com","96 High Point Road ","Lawndale","CA",90260),
(1289,"Shanelle","Anderson",NULL,"shanelle.anderson@yahoo.com","646 Surrey Street ","Bethpage","NY",11714),
(1290,"Minnie","Compton",NULL,"minnie.compton@gmail.com","185 Hudson Street ","South Richmond Hill","NY",11419),
(1291,"Shiloh","Bates",NULL,"shiloh.bates@msn.com","15 Wellington Dr. ","Monsey","NY",10952),
(1292,"Lakenya","Oliver",NULL,"lakenya.oliver@yahoo.com","82 Bayport Court ","San Lorenzo","CA",94580),
(1293,"Sally","Kinney",NULL,"sally.kinney@msn.com","7565 High Dr. ","Floral Park","NY",11001),
(1294,"Edith","Davenport",NULL,"edith.davenport@gmail.com","685 Alton Road ","Ontario","CA",91762),
(1295,"Alline","Beasley",NULL,"alline.beasley@yahoo.com","8704 NE. Olive Ave. ","North Tonawanda","NY",14120),
(1296,"Travis","Whitley",NULL,"travis.whitley@aol.com","60 Euclid Ave. ","Saint Albans","NY",11412),
(1297,"Vanessa","West",NULL,"vanessa.west@gmail.com","34 Prairie Lane ","New Rochelle","NY",10801),
(1298,"Trudy","Riddle",NULL,"trudy.riddle@aol.com","8943 Johnson Street ","Schenectady","NY",12302),
(1299,"Shauna","Edwards",NULL,"shauna.edwards@msn.com","8 Dogwood Ave. ","Yorktown Heights","NY",10598),
(1300,"Clorinda","Donovan",NULL,"clorinda.donovan@msn.com","9690 E. Morris Ave. ","Jamestown","NY",14701),
(1301,"Raven","Curtis",NULL,"raven.curtis@aol.com","18 Summit Lane ","Lawndale","CA",90260),
(1302,"Verda","Gilbert",NULL,"verda.gilbert@gmail.com","54 Hillcrest Drive ","East Northport","NY",11731),
(1303,"Renay","Atkins",NULL,"renay.atkins@aol.com","7146 Leeton Ridge Ave. ","Woodside","NY",11377),
(1304,"Tama","Berg",NULL,"tama.berg@hotmail.com","3 Cardinal Avenue ","Hollis","NY",11423),
(1305,"Dalia","Carson","(507) 186-2004","dalia.carson@aol.com","7175 Galvin St. ","Rochester","NY",14606),
(1306,"America","Swanson",NULL,"america.swanson@msn.com","83 South Arlington Lane ","Webster","NY",14580),
(1307,"Cinda","Rocha",NULL,"cinda.rocha@hotmail.com","926 North Oklahoma Dr. ","Los Banos","CA",93635),
(1308,"Shea","Howell",NULL,"shea.howell@msn.com","67 Arch Rd. ","South El Monte","CA",91733),
(1309,"Kimberli","Cline",NULL,"kimberli.cline@yahoo.com","7115 Stonybrook Court ","Centereach","NY",11720),
(1310,"Emanuel","Mckee",NULL,"emanuel.mckee@yahoo.com","9411 Lake Dr. ","Schenectady","NY",12302),
(1311,"Whitley","Cannon",NULL,"whitley.cannon@msn.com","614 High Point Lane ","Coram","NY",11727),
(1312,"Tereasa","Bird",NULL,"tereasa.bird@aol.com","7526 Vine Drive ","Ronkonkoma","NY",11779),
(1313,"Dante","Grimes",NULL,"dante.grimes@yahoo.com","23 Shore St. ","Duarte","CA",91010),
(1314,"Joeann","Garrison",NULL,"joeann.garrison@yahoo.com","1 Harrison St. ","Ontario","CA",91762),
(1315,"Omega","Johnston",NULL,"omega.johnston@gmail.com","9935 Tarkiln Hill St. ","Canyon Country","CA",91387),
(1316,"Conrad","Mueller",NULL,"conrad.mueller@yahoo.com","3 Myrtle St. ","Massapequa","NY",11758),
(1317,"Glady","Wells",NULL,"glady.wells@gmail.com","627 Ramblewood Ave. ","Syosset","NY",11791),
(1318,"Tisha","Petty","(210) 851-3122","tisha.petty@msn.com","9083 Lake View Ave. ","San Antonio","TX",78213),
(1319,"Claris","Santiago",NULL,"claris.santiago@msn.com","763 Mountainview Dr. ","Newburgh","NY",12550),
(1320,"Obdulia","Barber",NULL,"obdulia.barber@gmail.com","878 Lexington Rd. ","Newburgh","NY",12550),
(1321,"Shantel","Gregory",NULL,"shantel.gregory@yahoo.com","7722 Second Lane ","West Islip","NY",11795),
(1322,"Ai","Forbes",NULL,"ai.forbes@yahoo.com","254 Central St. ","Franklin Square","NY",11010),
(1323,"Ebony","Cotton",NULL,"ebony.cotton@yahoo.com","8979 Miller St. ","West Babylon","NY",11704),
(1324,"Arla","Ellis",NULL,"arla.ellis@yahoo.com","127 Crescent Ave. ","Utica","NY",13501),
(1325,"Magdalena","Sherman",NULL,"magdalena.sherman@gmail.com","176 Sunbeam St. ","Oswego","NY",13126),
(1326,"Tarra","Guerrero",NULL,"tarra.guerrero@aol.com","10 Baker St. ","Auburn","NY",13021),
(1327,"Consuela","Romero",NULL,"consuela.romero@hotmail.com","54 Elm Court ","Monroe","NY",10950),
(1328,"Cindie","Franklin",NULL,"cindie.franklin@yahoo.com","7249 Franklin St. ","Lawndale","CA",90260),
(1329,"Sharyn","Brewer",NULL,"sharyn.brewer@aol.com","70 Columbia Ave. ","Hollis","NY",11423),
(1330,"Karren","Stevenson",NULL,"karren.stevenson@aol.com","155 Old York St. ","San Carlos","CA",94070),
(1331,"Divina","Reeves",NULL,"divina.reeves@hotmail.com","767 Bradford Dr. ","Newburgh","NY",12550),
(1332,"Novella","Ross",NULL,"novella.ross@gmail.com","9418 Acacia Drive ","Glendora","CA",91740),
(1333,"Omega","Huff",NULL,"omega.huff@aol.com","63 Devon St. ","Santa Monica","CA",90403),
(1334,"Ashleigh","Finch",NULL,"ashleigh.finch@yahoo.com","82 Hudson Court ","Newburgh","NY",12550),
(1335,"Corina","Lynch",NULL,"corina.lynch@msn.com","44 Sunbeam Dr. ","Rosedale","NY",11422),
(1336,"Joe","Melton",NULL,"joe.melton@gmail.com","8998 Hartford Street ","New Windsor","NY",12553),
(1337,"Bernetta","Summers",NULL,"bernetta.summers@aol.com","1 Young Ave. ","Longview","TX",75604),
(1338,"Inez","Snider",NULL,"inez.snider@gmail.com","837 Catherine Lane ","Ronkonkoma","NY",11779),
(1339,"Neida","King","(442) 778-1121","neida.king@aol.com","137 Bohemia St. ","Oceanside","NY",11572),
(1340,"Tona","Velasquez",NULL,"tona.velasquez@msn.com","9166 Trout St. ","Whitestone","NY",11357),
(1341,"Rozanne","Reyes",NULL,"rozanne.reyes@aol.com","11 W. Surrey Drive ","Garden City","NY",11530),
(1342,"Lekisha","Pope",NULL,"lekisha.pope@msn.com","390 Livingston Avenue ","Freeport","NY",11520),
(1343,"Jama","Rodriquez",NULL,"jama.rodriquez@msn.com","681 Smith Dr. ","Upland","CA",91784),
(1344,"Eloisa","Tucker",NULL,"eloisa.tucker@hotmail.com","7268 Leatherwood Ave. ","Howard Beach","NY",11414),
(1345,"Arie","Hunter",NULL,"arie.hunter@msn.com","66 Old State Rd. ","Flushing","NY",11354),
(1346,"Sanora","Webster","(424) 464-7290","sanora.webster@msn.com","74 Beach St. ","Los Angeles","CA",90008),
(1347,"Kate","Barber",NULL,"kate.barber@hotmail.com","46 W. Oak Valley Ave. ","Saratoga Springs","NY",12866),
(1348,"Yvone","Guerrero",NULL,"yvone.guerrero@aol.com","8548 Jackson Ave. ","Merrick","NY",11566),
(1349,"Kami","Rios",NULL,"kami.rios@yahoo.com","8400 8th Dr. ","Encino","CA",91316),
(1350,"Annett","Rush",NULL,"annett.rush@hotmail.com","758 Fordham Lane ","Rosedale","NY",11422),
(1351,"Carman","Hardy",NULL,"carman.hardy@yahoo.com","800 Whitemarsh St. ","Jamestown","NY",14701),
(1352,"Dorothea","Miranda",NULL,"dorothea.miranda@aol.com","7882 Parker St. ","Upland","CA",91784),
(1353,"Agatha","Daniels",NULL,"agatha.daniels@yahoo.com","125 Canal St. ","South El Monte","CA",91733),
(1354,"Alexandria","Zamora",NULL,"alexandria.zamora@yahoo.com","95 Cherry Circle ","Schenectady","NY",12302),
(1355,"Thad","Gilliam",NULL,"thad.gilliam@hotmail.com","8844 Gonzales Court ","Levittown","NY",11756),
(1356,"Inger","Jennings",NULL,"inger.jennings@yahoo.com","38 NW. Shore Lane ","Patchogue","NY",11772),
(1357,"Karren","Lamb","(559) 628-2239","karren.lamb@aol.com","35 N. Chapel St. ","Fresno","CA",93706),
(1358,"Noble","Glover",NULL,"noble.glover@gmail.com","728 W. Rocky River Street ","Orchard Park","NY",14127),
(1359,"Octavia","Donaldson",NULL,"octavia.donaldson@hotmail.com","8095 Wayne Ave. ","Levittown","NY",11756),
(1360,"Latashia","Travis",NULL,"latashia.travis@yahoo.com","7877 King Rd. ","Upland","CA",91784),
(1361,"Destiny","Goodman",NULL,"destiny.goodman@msn.com","29 Smoky Hollow St. ","Westbury","NY",11590),
(1362,"Christiana","Gross",NULL,"christiana.gross@yahoo.com","645 North Richardson Road ","Orchard Park","NY",14127),
(1363,"Nestor","Haynes","(281) 969-4579","nestor.haynes@msn.com","27 Nut Swamp Street ","Houston","TX",77016),
(1364,"Grisel","Maynard",NULL,"grisel.maynard@msn.com","353 North Arch St. ","Ballston Spa","NY",12020),
(1365,"Shenna","Espinoza",NULL,"shenna.espinoza@gmail.com","202 North George Street ","Queensbury","NY",12804),
(1366,"Trena","Rogers",NULL,"trena.rogers@aol.com","502 Sherwood St. ","Campbell","CA",95008),
(1367,"Lucile","Manning",NULL,"lucile.manning@yahoo.com","511 Livingston Lane ","Campbell","CA",95008),
(1368,"Veronique","Fulton",NULL,"veronique.fulton@yahoo.com","81 Hilldale Ave. ","Ballston Spa","NY",12020),
(1369,"Starr","Schneider",NULL,"starr.schneider@aol.com","77 Mulberry Street ","Shirley","NY",11967),
(1370,"Rona","Rojas","(408) 611-3553","rona.rojas@gmail.com","815 Riverview St. ","San Jose","CA",95127),
(1371,"Pandora","Estes",NULL,"pandora.estes@aol.com","228 Shadow Brook Drive ","New Hyde Park","NY",11040),
(1372,"Renna","Williams",NULL,"renna.williams@hotmail.com","7398 SW. Glen Ridge Road ","South Ozone Park","NY",11420),
(1373,"Lanora","Robbins",NULL,"lanora.robbins@hotmail.com","31 W. Maiden Lane ","West Babylon","NY",11704),
(1374,"Juliane","Dillard",NULL,"juliane.dillard@aol.com","63 Birchwood Court ","Glendora","CA",91740),
(1375,"Carlena","Salinas",NULL,"carlena.salinas@gmail.com","1 Wagon Street ","Jamaica","NY",11432),
(1376,"Kimberley","Reynolds",NULL,"kimberley.reynolds@aol.com","8475 Homewood Street ","Port Washington","NY",11050),
(1377,"Johana","Jacobson","(507) 407-9384","johana.jacobson@gmail.com","29 San Juan St. ","Rochester","NY",14606),
(1378,"Enoch","Rosario","(559) 329-7615","enoch.rosario@hotmail.com","186 Arlington St. ","Fresno","CA",93706),
(1379,"Dorine","Thornton",NULL,"dorine.thornton@gmail.com","8730 N. Atlantic Street ","Sunnyside","NY",11104),
(1380,"Eliz","Lynch",NULL,"eliz.lynch@hotmail.com","717 West Deerfield Ave. ","Uniondale","NY",11553),
(1381,"Mercedez","Brooks",NULL,"mercedez.brooks@hotmail.com","7483 Ann St. ","Duarte","CA",91010),
(1382,"Wynona","Douglas",NULL,"wynona.douglas@msn.com","6 Country Ave. ","Harlingen","TX",78552),
(1383,"Desire","Mcgowan","(661) 800-8091","desire.mcgowan@msn.com","942 North Ohio Road ","Bakersfield","CA",93306),
(1384,"Elmo","Sweeney",NULL,"elmo.sweeney@yahoo.com","43 Arch Ave. ","San Carlos","CA",94070),
(1385,"Kenton","Hughes",NULL,"kenton.hughes@gmail.com","632 Sleepy Hollow Drive ","Canandaigua","NY",14424),
(1386,"Cesar","Wilkins","(619) 685-5786","cesar.wilkins@hotmail.com","7 Inverness St. ","San Diego","CA",92111),
(1387,"Phylicia","Stout",NULL,"phylicia.stout@aol.com","8842 Littleton Lane ","Canandaigua","NY",14424),
(1388,"Nanette","Harris",NULL,"nanette.harris@hotmail.com","26 Pin Oak Lane ","East Meadow","NY",11554),
(1389,"Ulrike","Chan",NULL,"ulrike.chan@aol.com","7949 Lancaster St. ","Port Chester","NY",10573),
(1390,"Genoveva","Lloyd",NULL,"genoveva.lloyd@aol.com","706 Devonshire St. ","Bayside","NY",11361),
(1391,"Sheryl","Chase",NULL,"sheryl.chase@gmail.com","388 Cedar Avenue ","Floral Park","NY",11001),
(1392,"Trista","Lambert",NULL,"trista.lambert@gmail.com","79 River Street ","Fairport","NY",14450),
(1393,"Vivian","Deleon",NULL,"vivian.deleon@msn.com","9925 Hamilton Street ","Jamaica","NY",11432),
(1394,"Genny","Fields",NULL,"genny.fields@msn.com","9145 San Juan Dr. ","Amityville","NY",11701),
(1395,"Eliseo","Knight",NULL,"eliseo.knight@msn.com","693 Holly Street ","Woodhaven","NY",11421),
(1396,"Delma","Bailey","(657) 454-8493","delma.bailey@gmail.com","9883 West King Lane ","Anaheim","CA",92806),
(1397,"Dewayne","Herring",NULL,"dewayne.herring@aol.com","9015 Willow Lane ","Webster","NY",14580),
(1398,"Nevada","Hood",NULL,"nevada.hood@aol.com","515 Bank Rd. ","Hopewell Junction","NY",12533),
(1399,"Angelika","Perry",NULL,"angelika.perry@msn.com","7684 South Branch Drive ","Canandaigua","NY",14424),
(1400,"Shayla","Hart",NULL,"shayla.hart@msn.com","9092 Aspen St. ","Woodhaven","NY",11421),
(1401,"Willetta","Murphy",NULL,"willetta.murphy@msn.com","436 Devonshire Street ","East Elmhurst","NY",11369),
(1402,"Sandee","Alvarado",NULL,"sandee.alvarado@aol.com","69 Bowman Street ","Depew","NY",14043),
(1403,"Mila","Moody","(248) 234-5902","mila.moody@gmail.com","675 Williams St. ","Troy","NY",12180),
(1404,"Loyce","Conway",NULL,"loyce.conway@aol.com","729 State Lane ","Central Islip","NY",11722),
(1405,"Thanh","Figueroa",NULL,"thanh.figueroa@yahoo.com","6 Roberts Drive ","Mount Vernon","NY",10550),
(1406,"Farrah","Orr",NULL,"farrah.orr@msn.com","8711 W. Ashley St. ","New Hyde Park","NY",11040),
(1407,"Hugh","Craft",NULL,"hugh.craft@msn.com","8716 Homewood Court ","Centereach","NY",11720),
(1408,"Eleanor","Mendez",NULL,"eleanor.mendez@yahoo.com","4 West St. ","Port Chester","NY",10573),
(1409,"Lamar","Bush","(716) 294-7174","lamar.bush@msn.com","76 Lilac Drive ","Buffalo","NY",14215),
(1410,"Lurlene","Finch","(914) 367-7691","lurlene.finch@msn.com","849 Magnolia St. ","Yonkers","NY",10701),
(1411,"Shanda","Stevenson",NULL,"shanda.stevenson@yahoo.com","9547 N. Courtland St. ","Freeport","NY",11520),
(1412,"Adrien","Hunter",NULL,"adrien.hunter@yahoo.com","720 Thompson Lane ","Rego Park","NY",11374),
(1413,"Ophelia","Decker",NULL,"ophelia.decker@yahoo.com","69 Rockwell Court ","New Windsor","NY",12553),
(1414,"Sonja","Walls",NULL,"sonja.walls@aol.com","30 Marshall Dr. ","Queensbury","NY",12804),
(1415,"Harold","O'connor",NULL,"harold.o'connor@gmail.com","9530 Summerhouse Street ","Santa Cruz","CA",95060),
(1416,"Miranda","Kennedy",NULL,"miranda.kennedy@gmail.com","726 East High St. ","Astoria","NY",11102),
(1417,"Jasper","Castro",NULL,"jasper.castro@aol.com","977 SE. Railroad Road ","Forney","TX",75126),
(1418,"Penni","Best","(657) 611-2991","penni.best@msn.com","875 Second Drive ","Anaheim","CA",92806),
(1419,"Lurlene","Cotton",NULL,"lurlene.cotton@yahoo.com","8218 George St. ","Pleasanton","CA",94566),
(1420,"Kelsey","Noble",NULL,"kelsey.noble@hotmail.com","36 Pearl Court ","Mount Vernon","NY",10550),
(1421,"Edris","Barrett",NULL,"edris.barrett@hotmail.com","36 Pulaski Drive ","Plattsburgh","NY",12901),
(1422,"Tempie","Jacobson",NULL,"tempie.jacobson@hotmail.com","136 Old Fairview St. ","Smithtown","NY",11787),
(1423,"Dollie","Cervantes","(682) 362-7457","dollie.cervantes@aol.com","8828 Applegate Drive ","Fort Worth","TX",76110),
(1424,"Lashunda","Cole",NULL,"lashunda.cole@hotmail.com","783 Baker St. ","Monsey","NY",10952),
(1425,"Justina","Jenkins",NULL,"justina.jenkins@msn.com","345 SE. Green Lane ","Shirley","NY",11967),
(1426,"Londa","Gould","(361) 206-5550","londa.gould@aol.com","9169 Beech Lane ","Corpus Christi","TX",78418),
(1427,"Mikel","Wilkerson",NULL,"mikel.wilkerson@msn.com","9233 Clinton St. ","Atwater","CA",95301),
(1428,"Carola","Johns",NULL,"carola.johns@msn.com","7077 Fordham Rd. ","Santa Cruz","CA",95060),
(1429,"Lorrie","Justice",NULL,"lorrie.justice@gmail.com","8396 Brook Drive ","Pomona","CA",91768),
(1430,"Tayna","Wade","(661) 858-1224","tayna.wade@hotmail.com","65 Smith Store Dr. ","Bakersfield","CA",93306),
(1431,"Mark","Benton",NULL,"mark.benton@aol.com","83 Eagle St. ","East Elmhurst","NY",11369),
(1432,"Zona","Cameron",NULL,"zona.cameron@aol.com","42 Bridle Court ","East Northport","NY",11731),
(1433,"Nicola","Knight",NULL,"nicola.knight@aol.com","25 SE. Miles Lane ","Scarsdale","NY",10583),
(1434,"Elana","Miles",NULL,"elana.miles@yahoo.com","7077 Euclid Ave. ","Liverpool","NY",13090),
(1435,"Merrie","Fowler",NULL,"merrie.fowler@aol.com","532 Leatherwood Ave. ","Scarsdale","NY",10583),
(1436,"Macie","Ayers",NULL,"macie.ayers@msn.com","8730 Longfellow St. ","Bellmore","NY",11710),
(1437,"Son","Warner",NULL,"son.warner@hotmail.com","20 W. Rosewood Ave. ","Rockville Centre","NY",11570),
(1438,"Lee","Dunn","(408) 807-6157","lee.dunn@aol.com","8626 Grand Ave. ","San Jose","CA",95127),
(1439,"Florrie","Little",NULL,"florrie.little@yahoo.com","8330 Marsh St. ","New Rochelle","NY",10801),
(1440,"Ernest","Rollins",NULL,"ernest.rollins@yahoo.com","4 West Ridge Dr. ","Oakland Gardens","NY",11364),
(1441,"Jamaal","Morrison",NULL,"jamaal.morrison@msn.com","796 SE. Nut Swamp St. ","Staten Island","NY",10301),
(1442,"Cassie","Cline",NULL,"cassie.cline@gmail.com","947 Lafayette Drive ","Brooklyn","NY",11201),
(1443,"Lezlie","Lamb",NULL,"lezlie.lamb@gmail.com","401 Brandywine Street ","Central Islip","NY",11722),
(1444,"Ivette","Estes",NULL,"ivette.estes@gmail.com","88 N. Canterbury Ave. ","Canandaigua","NY",14424),
(1445,"Ester","Acevedo",NULL,"ester.acevedo@gmail.com","671 Miles Court ","San Lorenzo","CA",94580);

INSERT INTO orders VALUES 
(1,259,1,"2016/01/01","2016/01/03","2016/01/03",1,2),
(2,1212,2,"2016/01/01","2016/01/04","2016/01/03",2,6),
(3,523,3,"2016/01/02","2016/01/05","2016/01/03",2,7),
(4,175,4,"2016/01/03","2016/01/04","2016/01/05",1,3),
(5,1324,5,"2016/01/03","2016/01/06","2016/01/06",2,6),
(6,94,6,"2016/01/04","2016/01/07","2016/01/05",2,6),
(7,324,7,"2016/01/04","2016/01/07","2016/01/05",2,6),
(8,1204,8,"2016/01/04","2016/01/05","2016/01/05",2,7),
(9,60,9,"2016/01/05","2016/01/08","2016/01/08",1,2),
(10,442,10,"2016/01/05","2016/01/06","2016/01/06",2,6),
(11,1326,11,"2016/01/05","2016/01/08","2016/01/07",2,7),
(12,91,12,"2016/01/06","2016/01/08","2016/01/09",1,2),
(13,873,13,"2016/01/08","2016/01/11","2016/01/11",2,6),
(14,258,14,"2016/01/09","2016/01/11","2016/01/12",1,3),
(15,450,15,"2016/01/09","2016/01/10","2016/01/12",2,7),
(16,552,16,"2016/01/12","2016/01/15","2016/01/15",1,3),
(17,1175,17,"2016/01/12","2016/01/14","2016/01/14",1,3),
(18,541,18,"2016/01/14","2016/01/17","2016/01/15",1,3),
(19,696,19,"2016/01/14","2016/01/17","2016/01/16",1,2),
(20,923,20,"2016/01/14","2016/01/16","2016/01/17",1,2),
(21,1250,21,"2016/01/15","2016/01/16","2016/01/18",2,6),
(22,1035,22,"2016/01/16","2016/01/18","2016/01/17",1,2),
(23,1149,23,"2016/01/16","2016/01/19","2016/01/19",1,2),
(24,636,24,"2016/01/18","2016/01/20","2016/01/19",2,7),
(25,657,25,"2016/01/18","2016/01/21","2016/01/21",2,6),
(26,1280,26,"2016/01/18","2016/01/21","2016/01/19",2,7),
(27,57,27,"2016/01/19","2016/01/21","2016/01/20",2,7),
(28,252,28,"2016/01/19","2016/01/20","2016/01/21",2,6),
(29,437,29,"2016/01/20","2016/01/22","2016/01/21",2,6),
(30,1348,30,"2016/01/20","2016/01/21","2016/01/21",2,6),
(31,1238,31,"2016/01/20","2016/01/22","2016/01/22",3,8),
(32,1259,32,"2016/01/21","2016/01/24","2016/01/22",1,3),
(33,236,33,"2016/01/21","2016/01/22","2016/01/22",2,6),
(34,80,34,"2016/01/22","2016/01/25","2016/01/23",2,6),
(35,813,35,"2016/01/22","2016/01/25","2016/01/24",2,7),
(36,1321,36,"2016/01/23","2016/01/24","2016/01/24",2,6),
(37,164,37,"2016/01/25","2016/01/28","2016/01/26",2,6),
(38,583,38,"2016/01/25","2016/01/27","2016/01/26",2,7),
(39,1296,39,"2016/01/25","2016/01/26","2016/01/26",2,7),
(40,348,40,"2016/01/27","2016/01/28","2016/01/29",1,3),
(41,979,41,"2016/01/27","2016/01/30","2016/01/29",2,6),
(42,1095,42,"2016/01/27","2016/01/28","2016/01/30",2,7),
(43,1434,43,"2016/01/27","2016/01/28","2016/01/30",2,7),
(44,861,44,"2016/01/28","2016/01/31","2016/01/30",2,7),
(45,1220,45,"2016/01/28","2016/01/31","2016/01/31",2,7),
(46,746,46,"2016/01/29","2016/01/31","2016/01/31",2,7),
(47,1234,47,"2016/01/29","2016/01/30","2016/01/31",2,7),
(48,1012,48,"2016/01/30","2016/02/01","2016/02/02",2,7),
(49,608,49,"2016/01/31","2016/02/01","2016/02/02",2,6),
(50,872,50,"2016/01/31","2016/02/03","2016/02/02",3,8),
(51,1047,51,"2016/02/01","2016/02/02","2016/02/03",2,7),
(52,767,52,"2016/02/03","2016/02/04","2016/02/05",1,2),
(53,965,53,"2016/02/03","2016/02/04","2016/02/05",2,6),
(54,535,54,"2016/02/04","2016/02/07","2016/02/07",2,7),
(55,1173,55,"2016/02/04","2016/02/07","2016/02/06",2,6),
(56,1241,56,"2016/02/04","2016/02/06","2016/02/07",2,6),
(57,1305,57,"2016/02/04","2016/02/06","2016/02/06",2,7),
(58,504,58,"2016/02/05","2016/02/07","2016/02/07",2,6),
(59,563,59,"2016/02/05","2016/02/07","2016/02/06",2,7),
(60,151,60,"2016/02/06","2016/02/08","2016/02/07",1,3),
(61,277,61,"2016/02/06","2016/02/09","2016/02/09",2,7),
(62,208,62,"2016/02/07","2016/02/10","2016/02/10",1,2),
(63,1075,63,"2016/02/07","2016/02/09","2016/02/09",2,7),
(64,1185,64,"2016/02/07","2016/02/08","2016/02/09",2,6),
(65,996,65,"2016/02/08","2016/02/09","2016/02/11",2,6),
(66,1253,66,"2016/02/09","2016/02/12","2016/02/12",2,7),
(67,526,67,"2016/02/09","2016/02/11","2016/02/10",3,8),
(68,381,68,"2016/02/10","2016/02/11","2016/02/13",2,6),
(69,1413,69,"2016/02/10","2016/02/12","2016/02/11",2,7),
(70,50,70,"2016/02/11","2016/02/11",NULL,3,9),
(71,797,71,"2016/02/11","2016/02/14","2016/02/12",2,7),
(72,1386,72,"2016/02/12","2016/02/15","2016/02/13",1,2),
(73,612,73,"2016/02/12","2016/02/15","2016/02/14",2,7),
(74,264,74,"2016/02/13","2016/02/15","2016/02/15",2,7),
(75,587,75,"2016/02/14","2016/02/15","2016/02/17",2,6),
(76,9,76,"2016/02/16","2016/02/16",NULL,2,6),
(77,385,77,"2016/02/16","2016/02/19","2016/02/19",1,2),
(78,1182,1,"2016/02/16","2016/02/18","2016/02/19",2,7),
(79,529,2,"2016/02/17","2016/02/20","2016/02/20",1,3),
(80,397,3,"2016/02/17","2016/02/20","2016/02/19",2,6),
(81,521,4,"2016/02/17","2016/02/19","2016/02/18",2,6),
(82,1223,5,"2016/02/18","2016/02/21","2016/02/20",2,6),
(83,393,6,"2016/02/19","2016/02/20","2016/02/20",1,3),
(84,317,7,"2016/02/20","2016/02/22","2016/02/21",2,7),
(85,1174,8,"2016/02/20","2016/02/23","2016/02/21",2,7),
(86,276,9,"2016/02/21","2016/02/22","2016/02/23",2,7),
(87,516,10,"2016/02/21","2016/02/22","2016/02/23",2,6),
(88,1069,11,"2016/02/21","2016/02/22","2016/02/23",2,6),
(89,668,12,"2016/02/21","2016/02/24","2016/02/24",3,8),
(90,414,13,"2016/02/23","2016/02/25","2016/02/24",2,7),
(91,648,14,"2016/02/25","2016/02/27","2016/02/28",1,2),
(92,1309,15,"2016/02/25","2016/02/28","2016/02/28",2,7),
(93,1328,16,"2016/02/26","2016/02/28","2016/02/27",1,3),
(94,929,17,"2016/02/27","2016/02/28","2016/02/29",1,2),
(95,218,18,"2016/02/27","2016/02/29","2016/02/28",2,7),
(96,1094,19,"2016/02/27","2016/02/29","2016/02/28",2,7),
(97,204,20,"2016/02/28","2016/02/29","2016/03/01",2,7),
(98,1194,21,"2016/02/28","2016/02/29","2016/02/29",2,6),
(99,1165,22,"2016/02/29","2016/03/01","2016/03/03",3,9),
(100,1237,23,"2016/03/01","2016/03/04","2016/03/03",2,7),
(101,271,24,"2016/03/01","2016/03/04","2016/03/04",3,8),
(102,336,25,"2016/03/02","2016/03/05","2016/03/03",2,7),
(103,991,26,"2016/03/03","2016/03/06","2016/03/05",1,2),
(104,7,27,"2016/03/03","2016/03/05","2016/03/05",2,7),
(105,306,28,"2016/03/03","2016/03/05","2016/03/04",2,7),
(106,422,29,"2016/03/04","2016/03/05","2016/03/05",3,9),
(107,633,30,"2016/03/06","2016/03/09","2016/03/09",1,2),
(108,12,31,"2016/03/06","2016/03/09","2016/03/07",2,6),
(109,1255,32,"2016/03/06","2016/03/09","2016/03/09",2,6),
(110,677,33,"2016/03/06","2016/03/08","2016/03/09",3,9),
(111,630,34,"2016/03/07","2016/03/10","2016/03/10",2,6),
(112,469,35,"2016/03/08","2016/03/11","2016/03/10",2,6),
(113,1078,36,"2016/03/08","2016/03/11","2016/03/11",2,6),
(114,1431,37,"2016/03/08","2016/03/10","2016/03/11",2,7),
(115,1369,38,"2016/03/09","2016/03/11","2016/03/11",2,7),
(116,471,39,"2016/03/10","2016/03/11","2016/03/11",2,7),
(117,740,40,"2016/03/10","2016/03/13","2016/03/11",2,6),
(118,577,41,"2016/03/12","2016/03/14","2016/03/13",1,2),
(119,925,42,"2016/03/12","2016/03/14","2016/03/14",2,7),
(120,327,43,"2016/03/14","2016/03/15","2016/03/17",2,7),
(121,755,44,"2016/03/14","2016/03/15","2016/03/16",2,6),
(122,786,45,"2016/03/14","2016/03/16","2016/03/15",2,6),
(123,766,46,"2016/03/15","2016/03/18","2016/03/17",2,6),
(124,403,47,"2016/03/16","2016/03/18","2016/03/17",1,3),
(125,685,48,"2016/03/16","2016/03/19","2016/03/17",2,6),
(126,1365,49,"2016/03/16","2016/03/18","2016/03/18",2,7),
(127,484,50,"2016/03/17","2016/03/18","2016/03/19",3,8),
(128,86,51,"2016/03/18","2016/03/20","2016/03/21",2,6),
(129,84,52,"2016/03/19","2016/03/21","2016/03/21",2,7),
(130,1049,53,"2016/03/19","2016/03/22","2016/03/20",2,6),
(131,316,54,"2016/03/19","2016/03/22","2016/03/20",3,8),
(132,46,55,"2016/03/20","2016/03/22","2016/03/23",1,3),
(133,409,56,"2016/03/20","2016/03/22","2016/03/21",2,7),
(134,679,57,"2016/03/20","2016/03/21","2016/03/21",2,7),
(135,1354,58,"2016/03/21","2016/03/23","2016/03/23",2,7),
(136,1192,59,"2016/03/21","2016/03/24","2016/03/23",3,8),
(137,370,60,"2016/03/23","2016/03/26","2016/03/25",2,7),
(138,438,61,"2016/03/23","2016/03/24","2016/03/25",2,7),
(139,710,62,"2016/03/23","2016/03/24","2016/03/26",2,7),
(140,1264,63,"2016/03/23","2016/03/26","2016/03/26",2,7),
(141,557,64,"2016/03/25","2016/03/27","2016/03/26",2,7),
(142,170,65,"2016/03/26","2016/03/27","2016/03/27",1,3),
(143,693,66,"2016/03/26","2016/03/28","2016/03/28",2,7),
(144,1124,67,"2016/03/26","2016/03/29","2016/03/29",2,7),
(145,366,68,"2016/03/27","2016/03/29","2016/03/30",2,6),
(146,288,69,"2016/03/28","2016/03/30","2016/03/30",1,3),
(147,55,70,"2016/03/28","2016/03/31","2016/03/31",2,7),
(148,714,71,"2016/03/28","2016/03/30","2016/03/30",2,6),
(149,763,72,"2016/03/28","2016/03/30","2016/03/29",2,6),
(150,332,73,"2016/03/29","2016/03/31","2016/04/01",1,2),
(151,926,74,"2016/03/29","2016/04/01","2016/03/31",1,2),
(152,76,75,"2016/03/29","2016/03/30","2016/03/30",2,6),
(153,498,76,"2016/03/30","2016/04/02","2016/04/01",2,6),
(154,1286,77,"2016/03/31","2016/04/01","2016/04/01",1,2),
(155,371,1,"2016/04/02","2016/04/03","2016/04/04",2,6),
(156,357,2,"2016/04/03","2016/04/06","2016/04/05",1,3),
(157,43,3,"2016/04/03","2016/04/06","2016/04/06",3,8),
(158,117,4,"2016/04/04","2016/04/04",NULL,3,9),
(159,32,5,"2016/04/04","2016/04/06","2016/04/06",1,2),
(160,205,6,"2016/04/04","2016/04/06","2016/04/06",2,7),
(161,251,7,"2016/04/04","2016/04/07","2016/04/05",2,7),
(162,31,8,"2016/04/06","2016/04/08","2016/04/07",1,3),
(163,1325,9,"2016/04/06","2016/04/07","2016/04/07",2,7),
(164,610,10,"2016/04/07","2016/04/08","2016/04/09",2,7),
(165,574,11,"2016/04/08","2016/04/10","2016/04/10",1,3),
(166,338,12,"2016/04/08","2016/04/11","2016/04/11",2,6),
(167,1034,13,"2016/04/08","2016/04/09","2016/04/11",2,7),
(168,1147,14,"2016/04/09","2016/04/12","2016/04/11",1,3),
(169,99,15,"2016/04/10","2016/04/11","2016/04/11",2,7),
(170,1200,16,"2016/04/10","2016/04/11","2016/04/13",2,7),
(171,237,17,"2016/04/11","2016/04/14","2016/04/14",1,3),
(172,1079,18,"2016/04/11","2016/04/12","2016/04/14",2,7),
(173,117,19,"2016/04/11","2016/04/14","2016/04/13",3,8),
(174,1361,20,"2016/04/12","2016/04/13","2016/04/15",2,7),
(175,951,21,"2016/04/13","2016/04/14","2016/04/14",2,6),
(176,643,22,"2016/04/15","2016/04/16","2016/04/17",2,7),
(177,121,23,"2016/04/16","2016/04/19","2016/04/19",1,2),
(178,756,24,"2016/04/16","2016/04/17","2016/04/18",2,6),
(179,616,25,"2016/04/17","2016/04/19","2016/04/19",2,6),
(180,918,26,"2016/04/17","2016/04/20","2016/04/19",2,7),
(181,459,27,"2016/04/18","2016/04/20","2016/04/20",1,3),
(182,854,28,"2016/04/18","2016/04/19","2016/04/20",2,6),
(183,22,29,"2016/04/19","2016/04/20","2016/04/20",2,7),
(184,134,30,"2016/04/19","2016/04/21","2016/04/22",2,7),
(185,24,31,"2016/04/20","2016/04/20",NULL,1,2),
(186,1127,32,"2016/04/21","2016/04/22","2016/04/24",2,6),
(187,183,33,"2016/04/22","2016/04/23","2016/04/24",2,6),
(188,390,34,"2016/04/22","2016/04/23","2016/04/25",2,6),
(189,1288,35,"2016/04/23","2016/04/24","2016/04/26",1,2),
(190,98,36,"2016/04/23","2016/04/25","2016/04/25",2,6),
(191,919,37,"2016/04/27","2016/04/28","2016/04/28",1,2),
(192,728,38,"2016/04/27","2016/04/28","2016/04/29",2,7),
(193,1366,39,"2016/04/28","2016/04/30","2016/04/30",1,3),
(194,558,40,"2016/04/28","2016/04/30","2016/05/01",2,7),
(195,727,41,"2016/04/28","2016/05/01","2016/05/01",2,7),
(196,1247,42,"2016/04/28","2016/04/30","2016/05/01",2,6),
(197,127,43,"2016/04/30","2016/05/03","2016/05/03",2,7),
(198,640,44,"2016/05/01","2016/05/04","2016/05/03",2,6),
(199,760,45,"2016/05/01","2016/05/04","2016/05/04",2,7),
(200,1074,46,"2016/05/01","2016/05/03","2016/05/03",2,6),
(201,280,47,"2016/05/01","2016/05/04","2016/05/02",3,9),
(202,600,48,"2016/05/03","2016/05/05","2016/05/04",1,2),
(203,1102,49,"2016/05/03","2016/05/05","2016/05/06",3,9),
(204,591,50,"2016/05/04","2016/05/07","2016/05/06",2,7),
(205,635,51,"2016/05/04","2016/05/05","2016/05/06",2,6),
(206,743,52,"2016/05/04","2016/05/06","2016/05/05",3,9),
(207,105,53,"2016/05/05","2016/05/07","2016/05/07",2,7),
(208,815,54,"2016/05/06","2016/05/07","2016/05/09",2,7),
(209,514,55,"2016/05/07","2016/05/08","2016/05/08",2,6),
(210,943,56,"2016/05/07","2016/05/08","2016/05/09",2,6),
(211,1140,57,"2016/05/07","2016/05/09","2016/05/08",2,6),
(212,1373,58,"2016/05/08","2016/05/09","2016/05/11",2,6),
(213,788,59,"2016/05/08","2016/05/09","2016/05/09",3,8),
(214,363,60,"2016/05/10","2016/05/12","2016/05/11",2,6),
(215,1420,61,"2016/05/10","2016/05/13","2016/05/12",2,7),
(216,267,62,"2016/05/11","2016/05/14","2016/05/13",1,3),
(217,716,63,"2016/05/11","2016/05/12","2016/05/14",2,7),
(218,1179,64,"2016/05/12","2016/05/14","2016/05/14",2,7),
(219,1338,65,"2016/05/12","2016/05/15","2016/05/15",2,6),
(220,1358,66,"2016/05/12","2016/05/14","2016/05/15",2,6),
(221,1218,67,"2016/05/13","2016/05/16","2016/05/14",1,2),
(222,51,68,"2016/05/13","2016/05/16","2016/05/14",2,6),
(223,1368,69,"2016/05/15","2016/05/16","2016/05/17",2,7),
(224,157,70,"2016/05/17","2016/05/18","2016/05/19",1,3),
(225,307,71,"2016/05/17","2016/05/20","2016/05/19",1,3),
(226,501,72,"2016/05/17","2016/05/19","2016/05/20",1,2),
(227,489,73,"2016/05/17","2016/05/18","2016/05/20",2,7),
(228,615,74,"2016/05/17","2016/05/20","2016/05/20",2,7),
(229,742,75,"2016/05/19","2016/05/21","2016/05/20",2,6),
(230,1167,76,"2016/05/19","2016/05/20","2016/05/21",2,6),
(231,1257,77,"2016/05/19","2016/05/22","2016/05/21",2,6),
(232,1360,1,"2016/05/20","2016/05/23","2016/05/23",1,3),
(233,737,2,"2016/05/21","2016/05/22","2016/05/24",2,6),
(234,1435,3,"2016/05/22","2016/05/24","2016/05/24",2,6),
(235,649,4,"2016/05/24","2016/05/25","2016/05/25",2,6),
(236,206,5,"2016/05/25","2016/05/27","2016/05/26",2,6),
(237,1351,6,"2016/05/25","2016/05/26","2016/05/27",2,7),
(238,1350,7,"2016/05/26","2016/05/29","2016/05/29",2,6),
(239,13,8,"2016/05/27","2016/05/27",NULL,3,9),
(240,65,9,"2016/05/27","2016/05/29","2016/05/30",2,6),
(241,1082,10,"2016/05/27","2016/05/29","2016/05/29",2,7),
(242,1168,11,"2016/05/27","2016/05/30","2016/05/30",2,7),
(243,802,12,"2016/05/27","2016/05/30","2016/05/28",3,8),
(244,956,13,"2016/05/28","2016/05/29","2016/05/29",2,6),
(245,223,14,"2016/05/29","2016/05/31","2016/05/30",2,7),
(246,17,15,"2016/05/30","2016/05/30",NULL,2,6),
(247,928,16,"2016/05/30","2016/06/01","2016/06/01",1,3),
(248,1376,17,"2016/05/30","2016/06/01","2016/05/31",2,7),
(249,145,18,"2016/06/01","2016/06/04","2016/06/04",2,6),
(250,150,19,"2016/06/01","2016/06/02","2016/06/04",2,7),
(251,851,20,"2016/06/01","2016/06/04","2016/06/04",2,7),
(252,66,21,"2016/06/01","2016/06/04","2016/06/02",3,8),
(253,1267,22,"2016/06/02","2016/06/05","2016/06/05",2,6),
(254,510,23,"2016/06/03","2016/06/06","2016/06/05",2,7),
(255,801,24,"2016/06/03","2016/06/06","2016/06/05",2,7),
(256,26,25,"2016/06/04","2016/06/05","2016/06/07",2,7),
(257,1314,26,"2016/06/05","2016/06/06","2016/06/08",1,3),
(258,107,27,"2016/06/06","2016/06/07","2016/06/07",2,7),
(259,413,28,"2016/06/06","2016/06/09","2016/06/09",2,7),
(260,632,29,"2016/06/06","2016/06/08","2016/06/08",2,6),
(261,1045,30,"2016/06/08","2016/06/10","2016/06/09",1,2),
(262,579,31,"2016/06/08","2016/06/11","2016/06/10",3,9),
(263,1322,32,"2016/06/09","2016/06/10","2016/06/12",2,6),
(264,5,33,"2016/06/10","2016/06/10",NULL,1,3),
(265,682,34,"2016/06/10","2016/06/12","2016/06/11",2,7),
(266,933,35,"2016/06/10","2016/06/13","2016/06/13",2,7),
(267,282,36,"2016/06/11","2016/06/14","2016/06/14",1,3),
(268,540,37,"2016/06/11","2016/06/14","2016/06/12",1,3),
(269,764,38,"2016/06/12","2016/06/13","2016/06/15",2,6),
(270,879,39,"2016/06/12","2016/06/15","2016/06/13",2,7),
(271,350,40,"2016/06/13","2016/06/16","2016/06/14",2,7),
(272,497,41,"2016/06/15","2016/06/18","2016/06/16",2,7),
(273,1340,42,"2016/06/16","2016/06/19","2016/06/17",2,7),
(274,411,43,"2016/06/17","2016/06/20","2016/06/18",2,7),
(275,1341,44,"2016/06/17","2016/06/19","2016/06/18",2,7),
(276,1227,45,"2016/06/18","2016/06/19","2016/06/19",2,6),
(277,546,46,"2016/06/19","2016/06/20","2016/06/20",2,7),
(278,1301,47,"2016/06/20","2016/06/23","2016/06/21",1,3),
(279,378,48,"2016/06/21","2016/06/22","2016/06/22",2,6),
(280,638,49,"2016/06/21","2016/06/22","2016/06/23",2,7),
(281,800,50,"2016/06/21","2016/06/22","2016/06/23",2,7),
(282,159,51,"2016/06/22","2016/06/25","2016/06/25",3,9),
(283,181,52,"2016/06/23","2016/06/26","2016/06/26",1,2),
(284,1356,53,"2016/06/23","2016/06/25","2016/06/25",2,7),
(285,319,54,"2016/06/25","2016/06/26","2016/06/27",1,2),
(286,59,55,"2016/06/25","2016/06/26","2016/06/26",2,6),
(287,133,56,"2016/06/25","2016/06/26","2016/06/27",2,6),
(288,780,57,"2016/06/25","2016/06/28","2016/06/28",2,6),
(289,849,58,"2016/06/27","2016/06/28","2016/06/30",2,6),
(290,202,59,"2016/06/28","2016/06/29","2016/06/30",2,6),
(291,158,60,"2016/06/29","2016/06/30","2016/07/01",2,6),
(292,360,61,"2016/06/29","2016/06/30","2016/07/02",3,9),
(293,573,62,"2016/06/30","2016/07/03","2016/07/02",2,7),
(294,732,63,"2016/07/01","2016/07/02","2016/07/02",2,7),
(295,1130,64,"2016/07/01","2016/07/04","2016/07/04",2,7),
(296,1245,65,"2016/07/04","2016/07/07","2016/07/06",2,6),
(297,1425,66,"2016/07/04","2016/07/05","2016/07/06",2,7),
(298,885,67,"2016/07/04","2016/07/07","2016/07/07",3,9),
(299,281,68,"2016/07/05","2016/07/06","2016/07/07",2,6),
(300,1205,69,"2016/07/05","2016/07/08","2016/07/08",2,6),
(301,17,70,"2016/07/06","2016/07/09","2016/07/08",2,6),
(302,1375,71,"2016/07/06","2016/07/07","2016/07/09",2,6),
(303,36,72,"2016/07/07","2016/07/08","2016/07/09",2,7),
(304,230,73,"2016/07/07","2016/07/08","2016/07/08",2,6),
(305,705,74,"2016/07/07","2016/07/08","2016/07/08",2,7),
(306,424,75,"2016/07/09","2016/07/10","2016/07/12",2,7),
(307,695,76,"2016/07/09","2016/07/11","2016/07/11",2,6),
(308,156,77,"2016/07/11","2016/07/12","2016/07/14",2,6),
(309,211,1,"2016/07/11","2016/07/13","2016/07/13",2,6),
(310,627,2,"2016/07/12","2016/07/13","2016/07/13",1,2),
(311,1400,3,"2016/07/12","2016/07/14","2016/07/13",2,6),
(312,299,4,"2016/07/13","2016/07/15","2016/07/16",2,6),
(313,565,5,"2016/07/14","2016/07/15","2016/07/15",3,9),
(314,1019,6,"2016/07/15","2016/07/17","2016/07/17",2,7),
(315,1263,7,"2016/07/16","2016/07/19","2016/07/17",2,6),
(316,670,8,"2016/07/17","2016/07/20","2016/07/19",2,7),
(317,795,9,"2016/07/17","2016/07/20","2016/07/19",2,7),
(318,1141,10,"2016/07/17","2016/07/19","2016/07/20",2,7),
(319,941,11,"2016/07/18","2016/07/21","2016/07/21",2,6),
(320,1428,12,"2016/07/19","2016/07/20","2016/07/21",1,2),
(321,568,13,"2016/07/19","2016/07/22","2016/07/21",2,6),
(322,924,14,"2016/07/19","2016/07/22","2016/07/20",2,6),
(323,1243,15,"2016/07/19","2016/07/22","2016/07/21",2,6),
(324,480,16,"2016/07/20","2016/07/22","2016/07/23",2,6),
(325,848,17,"2016/07/20","2016/07/21","2016/07/21",2,6),
(326,1337,18,"2016/07/20","2016/07/21","2016/07/22",3,9),
(327,83,19,"2016/07/21","2016/07/24","2016/07/22",2,6),
(328,528,20,"2016/07/23","2016/07/26","2016/07/25",2,6),
(329,274,21,"2016/07/24","2016/07/27","2016/07/26",2,6),
(330,622,22,"2016/07/24","2016/07/27","2016/07/27",2,6),
(331,642,23,"2016/07/24","2016/07/26","2016/07/25",2,6),
(332,659,24,"2016/07/24","2016/07/26","2016/07/26",2,7),
(333,779,25,"2016/07/25","2016/07/27","2016/07/26",2,6),
(334,1112,26,"2016/07/25","2016/07/28","2016/07/27",2,7),
(335,1193,27,"2016/07/25","2016/07/27","2016/07/26",2,6),
(336,1030,28,"2016/07/26","2016/07/29","2016/07/27",2,7),
(337,1252,29,"2016/07/26","2016/07/27","2016/07/28",2,7),
(338,1333,30,"2016/07/28","2016/07/29","2016/07/30",1,3),
(339,1110,31,"2016/07/28","2016/07/31","2016/07/29",2,7),
(340,963,32,"2016/07/29","2016/07/30","2016/07/31",2,7),
(341,1357,33,"2016/07/31","2016/08/03","2016/08/01",1,3),
(342,806,34,"2016/07/31","2016/08/01","2016/08/03",2,7),
(343,961,35,"2016/07/31","2016/08/02","2016/08/01",2,7),
(344,750,36,"2016/08/01","2016/08/03","2016/08/02",2,6),
(345,1299,37,"2016/08/01","2016/08/04","2016/08/03",2,6),
(346,584,38,"2016/08/01","2016/08/03","2016/08/02",3,9),
(347,1004,39,"2016/08/02","2016/08/03","2016/08/05",2,6),
(348,907,40,"2016/08/02","2016/08/05","2016/08/04",3,9),
(349,30,41,"2016/08/03","2016/08/03",NULL,1,3),
(350,31,42,"2016/08/03","2016/08/03",NULL,1,3),
(351,1307,43,"2016/08/03","2016/08/06","2016/08/04",1,2),
(352,16,44,"2016/08/03","2016/08/04","2016/08/06",2,7),
(353,1387,45,"2016/08/03","2016/08/06","2016/08/06",2,7),
(354,551,46,"2016/08/03","2016/08/05","2016/08/06",3,8),
(355,1011,47,"2016/08/03","2016/08/05","2016/08/05",3,8),
(356,1189,48,"2016/08/04","2016/08/07","2016/08/06",2,6),
(357,14,49,"2016/08/05","2016/08/05",NULL,3,8),
(358,1042,50,"2016/08/05","2016/08/07","2016/08/07",2,7),
(359,441,51,"2016/08/07","2016/08/10","2016/08/10",2,7),
(360,1300,52,"2016/08/07","2016/08/09","2016/08/10",2,6),
(361,994,53,"2016/08/08","2016/08/09","2016/08/11",2,6),
(362,187,54,"2016/08/09","2016/08/11","2016/08/11",1,2),
(363,834,55,"2016/08/11","2016/08/12","2016/08/13",3,8),
(364,373,56,"2016/08/12","2016/08/14","2016/08/13",2,6),
(365,981,57,"2016/08/13","2016/08/14","2016/08/15",2,6),
(366,1054,58,"2016/08/13","2016/08/14","2016/08/14",3,9),
(367,527,59,"2016/08/14","2016/08/15","2016/08/15",2,7),
(368,995,60,"2016/08/14","2016/08/15","2016/08/17",2,7),
(369,1285,61,"2016/08/15","2016/08/18","2016/08/18",1,3),
(370,758,62,"2016/08/15","2016/08/18","2016/08/18",2,7),
(371,891,63,"2016/08/15","2016/08/16","2016/08/18",2,7),
(372,132,64,"2016/08/16","2016/08/18","2016/08/18",2,6),
(373,337,65,"2016/08/16","2016/08/19","2016/08/17",2,7),
(374,1313,66,"2016/08/17","2016/08/19","2016/08/18",1,2),
(375,536,67,"2016/08/17","2016/08/20","2016/08/20",2,7),
(376,825,68,"2016/08/17","2016/08/19","2016/08/18",2,6),
(377,1355,69,"2016/08/17","2016/08/19","2016/08/20",2,6),
(378,475,70,"2016/08/17","2016/08/20","2016/08/20",3,9),
(379,954,71,"2016/08/18","2016/08/21","2016/08/21",2,7),
(380,1156,72,"2016/08/19","2016/08/20","2016/08/21",2,7),
(381,1297,73,"2016/08/19","2016/08/21","2016/08/21",2,7),
(382,199,74,"2016/08/20","2016/08/23","2016/08/23",2,6),
(383,331,75,"2016/08/20","2016/08/23","2016/08/22",2,7),
(384,410,76,"2016/08/20","2016/08/22","2016/08/23",2,7),
(385,1274,77,"2016/08/20","2016/08/23","2016/08/22",2,7),
(386,1362,1,"2016/08/20","2016/08/23","2016/08/23",2,6),
(387,451,2,"2016/08/20","2016/08/21","2016/08/21",3,8),
(388,1080,3,"2016/08/21","2016/08/24","2016/08/23",3,8),
(389,53,4,"2016/08/22","2016/08/24","2016/08/25",1,3),
(390,576,5,"2016/08/22","2016/08/24","2016/08/25",3,9),
(391,61,6,"2016/08/23","2016/08/23",NULL,3,9),
(392,176,7,"2016/08/23","2016/08/26","2016/08/24",1,3),
(393,368,8,"2016/08/25","2016/08/26","2016/08/27",2,6),
(394,522,9,"2016/08/26","2016/08/28","2016/08/29",1,3),
(395,144,10,"2016/08/26","2016/08/27","2016/08/29",2,6),
(396,542,11,"2016/08/27","2016/08/30","2016/08/29",2,6),
(397,1437,12,"2016/08/28","2016/08/31","2016/08/29",2,7),
(398,447,13,"2016/08/29","2016/08/30","2016/09/01",1,2),
(399,1001,14,"2016/08/29","2016/09/01","2016/09/01",2,7),
(400,1295,15,"2016/08/29","2016/08/30","2016/08/31",2,6),
(401,103,16,"2016/08/30","2016/09/02","2016/09/01",2,6),
(402,1335,17,"2016/08/30","2016/09/01","2016/08/31",2,6),
(403,578,18,"2016/08/31","2016/09/01","2016/09/02",1,3),
(404,396,19,"2016/08/31","2016/09/03","2016/09/01",2,7),
(405,603,20,"2016/08/31","2016/09/01","2016/09/01",2,6),
(406,1380,21,"2016/08/31","2016/09/02","2016/09/01",2,7),
(407,77,22,"2016/09/01","2016/09/01",NULL,3,8),
(408,1071,23,"2016/09/01","2016/09/02","2016/09/02",1,2),
(409,416,24,"2016/09/01","2016/09/04","2016/09/04",2,7),
(410,1151,25,"2016/09/01","2016/09/03","2016/09/02",2,6),
(411,261,26,"2016/09/02","2016/09/04","2016/09/04",1,3),
(412,1202,27,"2016/09/02","2016/09/04","2016/09/04",1,3),
(413,717,28,"2016/09/02","2016/09/05","2016/09/03",2,6),
(414,917,29,"2016/09/03","2016/09/06","2016/09/06",2,7),
(415,1265,30,"2016/09/03","2016/09/06","2016/09/06",2,7),
(416,1377,31,"2016/09/03","2016/09/04","2016/09/06",2,7),
(417,359,32,"2016/09/04","2016/09/05","2016/09/06",1,3),
(418,88,33,"2016/09/04","2016/09/05","2016/09/05",2,6),
(419,14,34,"2016/09/04","2016/09/07","2016/09/06",3,8),
(420,72,35,"2016/09/05","2016/09/06","2016/09/07",1,3),
(421,240,36,"2016/09/05","2016/09/06","2016/09/08",1,3),
(422,398,37,"2016/09/06","2016/09/07","2016/09/09",2,6),
(423,1397,38,"2016/09/06","2016/09/09","2016/09/09",2,7),
(424,67,39,"2016/09/08","2016/09/11","2016/09/11",1,3),
(425,843,40,"2016/09/08","2016/09/11","2016/09/11",2,6),
(426,944,41,"2016/09/08","2016/09/10","2016/09/10",2,6),
(427,434,42,"2016/09/09","2016/09/10","2016/09/11",1,2),
(428,1039,43,"2016/09/09","2016/09/12","2016/09/10",2,6),
(429,153,44,"2016/09/10","2016/09/12","2016/09/12",3,8),
(430,272,45,"2016/09/11","2016/09/13","2016/09/12",2,6),
(431,1217,46,"2016/09/11","2016/09/12","2016/09/12",2,6),
(432,169,47,"2016/09/12","2016/09/15","2016/09/14",1,2),
(433,1062,48,"2016/09/12","2016/09/15","2016/09/13",2,6),
(434,726,49,"2016/09/13","2016/09/15","2016/09/14",2,6),
(435,77,50,"2016/09/14","2016/09/15","2016/09/16",3,9),
(436,791,51,"2016/09/16","2016/09/19","2016/09/19",2,7),
(437,1085,52,"2016/09/16","2016/09/18","2016/09/18",2,7),
(438,314,53,"2016/09/16","2016/09/19","2016/09/18",3,8),
(439,149,54,"2016/09/17","2016/09/20","2016/09/18",2,6),
(440,882,55,"2016/09/17","2016/09/18","2016/09/19",2,7),
(441,704,56,"2016/09/18","2016/09/19","2016/09/19",1,2),
(442,667,57,"2016/09/18","2016/09/21","2016/09/21",2,7),
(443,1371,58,"2016/09/18","2016/09/19","2016/09/20",2,6),
(444,30,59,"2016/09/19","2016/09/20","2016/09/21",1,2),
(445,362,60,"2016/09/19","2016/09/22","2016/09/22",2,6),
(446,399,61,"2016/09/19","2016/09/21","2016/09/20",2,7),
(447,808,62,"2016/09/20","2016/09/23","2016/09/22",3,8),
(448,101,63,"2016/09/21","2016/09/22","2016/09/24",2,6),
(449,492,64,"2016/09/21","2016/09/24","2016/09/22",2,7),
(450,575,65,"2016/09/21","2016/09/24","2016/09/23",2,7),
(451,1146,66,"2016/09/21","2016/09/23","2016/09/22",2,7),
(452,997,67,"2016/09/22","2016/09/23","2016/09/24",2,7),
(453,1028,68,"2016/09/22","2016/09/24","2016/09/25",2,7),
(454,988,69,"2016/09/23","2016/09/25","2016/09/26",2,6),
(455,1055,70,"2016/09/23","2016/09/24","2016/09/24",2,7),
(456,1061,71,"2016/09/23","2016/09/26","2016/09/25",3,9),
(457,1349,72,"2016/09/24","2016/09/27","2016/09/27",1,3),
(458,197,73,"2016/09/25","2016/09/28","2016/09/26",2,6),
(459,874,74,"2016/09/25","2016/09/28","2016/09/26",2,6),
(460,691,75,"2016/09/25","2016/09/27","2016/09/26",3,8),
(461,853,76,"2016/09/26","2016/09/27","2016/09/27",2,7),
(462,852,77,"2016/09/27","2016/09/28","2016/09/29",2,6),
(463,964,1,"2016/09/27","2016/09/28","2016/09/28",3,8),
(464,74,2,"2016/09/28","2016/09/30","2016/09/29",2,7),
(465,1198,3,"2016/09/28","2016/10/01","2016/10/01",2,6),
(466,1440,4,"2016/09/28","2016/09/29","2016/10/01",2,7),
(467,555,5,"2016/09/28","2016/09/30","2016/09/30",3,8),
(468,1261,6,"2016/09/29","2016/10/02","2016/09/30",1,3),
(469,1089,7,"2016/09/29","2016/10/02","2016/10/02",2,7),
(470,641,8,"2016/09/30","2016/10/02","2016/10/02",1,3),
(471,697,9,"2016/09/30","2016/10/02","2016/10/01",1,3),
(472,468,10,"2016/09/30","2016/10/01","2016/10/01",2,7),
(473,549,11,"2016/09/30","2016/10/02","2016/10/03",2,7),
(474,553,12,"2016/10/01","2016/10/04","2016/10/04",1,3),
(475,241,13,"2016/10/01","2016/10/04","2016/10/03",2,7),
(476,559,14,"2016/10/01","2016/10/04","2016/10/02",2,6),
(477,449,15,"2016/10/02","2016/10/05","2016/10/04",1,2),
(478,304,16,"2016/10/02","2016/10/05","2016/10/03",2,7),
(479,984,17,"2016/10/03","2016/10/04","2016/10/04",2,6),
(480,686,18,"2016/10/04","2016/10/07","2016/10/05",1,3),
(481,481,19,"2016/10/04","2016/10/07","2016/10/06",3,9),
(482,513,20,"2016/10/05","2016/10/06","2016/10/06",2,6),
(483,703,21,"2016/10/06","2016/10/07","2016/10/09",1,2),
(484,421,22,"2016/10/06","2016/10/09","2016/10/07",2,7),
(485,465,23,"2016/10/06","2016/10/08","2016/10/07",2,7),
(486,709,24,"2016/10/06","2016/10/08","2016/10/09",2,7),
(487,827,25,"2016/10/06","2016/10/09","2016/10/09",2,6),
(488,921,26,"2016/10/06","2016/10/09","2016/10/08",2,6),
(489,899,27,"2016/10/06","2016/10/08","2016/10/08",3,8),
(490,876,28,"2016/10/07","2016/10/10","2016/10/09",2,6),
(491,1048,29,"2016/10/08","2016/10/10","2016/10/11",1,2),
(492,191,30,"2016/10/09","2016/10/10","2016/10/12",1,2),
(493,796,31,"2016/10/09","2016/10/12","2016/10/11",1,3),
(494,875,32,"2016/10/09","2016/10/10","2016/10/11",2,6),
(495,712,33,"2016/10/10","2016/10/12","2016/10/13",1,3),
(496,193,34,"2016/10/10","2016/10/12","2016/10/11",2,6),
(497,785,35,"2016/10/10","2016/10/11","2016/10/11",2,6),
(498,1331,36,"2016/10/10","2016/10/12","2016/10/11",2,6),
(499,260,37,"2016/10/11","2016/10/14","2016/10/13",1,2),
(500,148,38,"2016/10/11","2016/10/12","2016/10/13",2,6),
(501,977,39,"2016/10/11","2016/10/12","2016/10/13",2,7),
(502,401,40,"2016/10/12","2016/10/13","2016/10/13",3,9),
(503,932,41,"2016/10/13","2016/10/16","2016/10/14",2,6),
(504,1381,42,"2016/10/14","2016/10/15","2016/10/15",1,2),
(505,721,43,"2016/10/14","2016/10/16","2016/10/17",2,6),
(506,831,44,"2016/10/14","2016/10/16","2016/10/16",2,6),
(507,1378,45,"2016/10/15","2016/10/17","2016/10/17",1,3),
(508,1359,46,"2016/10/15","2016/10/18","2016/10/18",2,6),
(509,235,47,"2016/10/16","2016/10/17","2016/10/17",2,7),
(510,586,48,"2016/10/17","2016/10/18","2016/10/18",2,7),
(511,377,49,"2016/10/18","2016/10/20","2016/10/19",2,7),
(512,8,50,"2016/10/19","2016/10/22","2016/10/20",2,7),
(513,155,51,"2016/10/19","2016/10/21","2016/10/21",2,6),
(514,927,52,"2016/10/19","2016/10/21","2016/10/20",2,7),
(515,986,53,"2016/10/19","2016/10/20","2016/10/22",2,6),
(516,111,54,"2016/10/21","2016/10/23","2016/10/24",2,6),
(517,613,55,"2016/10/21","2016/10/22","2016/10/24",2,6),
(518,1374,56,"2016/10/22","2016/10/24","2016/10/25",1,2),
(519,54,57,"2016/10/22","2016/10/23","2016/10/24",2,7),
(520,639,58,"2016/10/23","2016/10/26","2016/10/24",2,7),
(521,664,59,"2016/10/23","2016/10/25","2016/10/25",2,6),
(522,724,60,"2016/10/23","2016/10/24","2016/10/24",2,7),
(523,1056,61,"2016/10/24","2016/10/26","2016/10/27",2,6),
(524,569,62,"2016/10/25","2016/10/26","2016/10/27",1,2),
(525,1315,63,"2016/10/26","2016/10/28","2016/10/29",1,3),
(526,1096,64,"2016/10/26","2016/10/28","2016/10/28",2,6),
(527,506,65,"2016/10/27","2016/10/29","2016/10/28",1,2),
(528,676,66,"2016/10/28","2016/10/31","2016/10/31",2,7),
(529,753,67,"2016/10/28","2016/10/30","2016/10/31",2,7),
(530,773,68,"2016/10/28","2016/10/31","2016/10/31",2,6),
(531,116,69,"2016/10/28","2016/10/29","2016/10/30",3,8),
(532,817,70,"2016/10/29","2016/10/31","2016/10/30",2,7),
(533,1334,71,"2016/10/29","2016/11/01","2016/11/01",2,6),
(534,1406,72,"2016/10/29","2016/10/30","2016/10/31",2,7),
(535,835,73,"2016/10/29","2016/10/31","2016/11/01",3,9),
(536,759,74,"2016/10/31","2016/11/02","2016/11/01",1,3),
(537,1353,75,"2016/10/31","2016/11/01","2016/11/03",1,2),
(538,341,76,"2016/11/02","2016/11/05","2016/11/05",2,6),
(539,1144,77,"2016/11/02","2016/11/04","2016/11/03",2,7),
(540,1429,1,"2016/11/03","2016/11/05","2016/11/06",1,3),
(541,1228,2,"2016/11/04","2016/11/07","2016/11/07",1,3),
(542,313,3,"2016/11/04","2016/11/06","2016/11/05",2,7),
(543,62,4,"2016/11/06","2016/11/09","2016/11/08",2,6),
(544,321,5,"2016/11/06","2016/11/07","2016/11/08",2,7),
(545,1108,6,"2016/11/08","2016/11/10","2016/11/09",3,9),
(546,470,7,"2016/11/09","2016/11/12","2016/11/10",2,7),
(547,20,8,"2016/11/09","2016/11/11","2016/11/10",3,8),
(548,739,9,"2016/11/11","2016/11/13","2016/11/13",2,7),
(549,64,10,"2016/11/12","2016/11/12",NULL,3,9),
(550,892,11,"2016/11/12","2016/11/14","2016/11/15",2,7),
(551,1169,12,"2016/11/12","2016/11/13","2016/11/13",2,6),
(552,1282,13,"2016/11/12","2016/11/15","2016/11/13",2,7),
(553,913,14,"2016/11/12","2016/11/13","2016/11/15",3,9),
(554,104,15,"2016/11/13","2016/11/14","2016/11/16",1,3),
(555,212,16,"2016/11/13","2016/11/14","2016/11/16",2,7),
(556,61,17,"2016/11/13","2016/11/14","2016/11/15",3,9),
(557,1248,18,"2016/11/14","2016/11/17","2016/11/15",2,6),
(558,1443,19,"2016/11/15","2016/11/16","2016/11/17",2,7),
(559,959,20,"2016/11/16","2016/11/17","2016/11/17",1,2),
(560,1405,21,"2016/11/18","2016/11/19","2016/11/21",2,6),
(561,90,22,"2016/11/19","2016/11/22","2016/11/22",2,6),
(562,942,23,"2016/11/19","2016/11/20","2016/11/22",2,7),
(563,365,24,"2016/11/20","2016/11/22","2016/11/21",2,6),
(564,1058,25,"2016/11/20","2016/11/23","2016/11/22",2,7),
(565,894,26,"2016/11/21","2016/11/22","2016/11/22",2,7),
(566,298,27,"2016/11/22","2016/11/25","2016/11/23",1,3),
(567,1430,28,"2016/11/22","2016/11/23","2016/11/23",1,2),
(568,1275,29,"2016/11/23","2016/11/25","2016/11/24",1,3),
(569,707,30,"2016/11/23","2016/11/24","2016/11/25",2,6),
(570,989,31,"2016/11/23","2016/11/24","2016/11/25",2,6),
(571,5,32,"2016/11/24","2016/11/25","2016/11/27",1,2),
(572,178,33,"2016/11/24","2016/11/26","2016/11/26",2,6),
(573,423,34,"2016/11/24","2016/11/26","2016/11/27",2,6),
(574,833,35,"2016/11/26","2016/11/27","2016/11/29",2,7),
(575,33,36,"2016/11/27","2016/11/28","2016/11/30",1,3),
(576,1272,37,"2016/11/27","2016/11/30","2016/11/28",1,3),
(577,445,38,"2016/11/27","2016/11/30","2016/11/29",2,6),
(578,819,39,"2016/11/27","2016/11/28","2016/11/29",2,7),
(579,160,40,"2016/11/27","2016/11/30","2016/11/29",3,8),
(580,581,41,"2016/11/30","2016/12/02","2016/12/02",1,3),
(581,688,42,"2016/12/03","2016/12/05","2016/12/06",1,3),
(582,32,43,"2016/12/04","2016/12/04",NULL,1,2),
(583,792,44,"2016/12/04","2016/12/05","2016/12/07",2,7),
(584,1209,45,"2016/12/04","2016/12/05","2016/12/05",2,7),
(585,1219,46,"2016/12/04","2016/12/05","2016/12/05",2,7),
(586,1306,47,"2016/12/04","2016/12/06","2016/12/05",2,6),
(587,487,48,"2016/12/06","2016/12/08","2016/12/08",1,2),
(588,102,49,"2016/12/06","2016/12/07","2016/12/07",2,7),
(589,719,50,"2016/12/06","2016/12/07","2016/12/07",2,7),
(590,990,51,"2016/12/06","2016/12/09","2016/12/07",2,7),
(591,1211,52,"2016/12/06","2016/12/09","2016/12/09",2,7),
(592,1232,53,"2016/12/06","2016/12/08","2016/12/08",2,7),
(593,50,54,"2016/12/07","2016/12/10","2016/12/08",3,8),
(594,1318,55,"2016/12/07","2016/12/08","2016/12/08",3,8),
(595,538,56,"2016/12/08","2016/12/09","2016/12/11",1,2),
(596,952,57,"2016/12/08","2016/12/09","2016/12/09",1,3),
(597,1121,58,"2016/12/08","2016/12/09","2016/12/10",2,6),
(598,40,59,"2016/12/09","2016/12/09",NULL,1,3),
(599,1,60,"2016/12/09","2016/12/10","2016/12/12",2,6),
(600,624,61,"2016/12/09","2016/12/12","2016/12/11",2,7),
(601,683,62,"2016/12/09","2016/12/10","2016/12/10",2,6),
(602,823,63,"2016/12/09","2016/12/10","2016/12/11",2,6),
(603,1032,64,"2016/12/09","2016/12/10","2016/12/10",2,7),
(604,96,65,"2016/12/10","2016/12/13","2016/12/12",2,7),
(605,1208,66,"2016/12/10","2016/12/11","2016/12/12",2,6),
(606,18,67,"2016/12/11","2016/12/12","2016/12/13",2,7),
(607,309,68,"2016/12/11","2016/12/14","2016/12/13",2,6),
(608,1103,69,"2016/12/12","2016/12/15","2016/12/14",1,3),
(609,896,70,"2016/12/12","2016/12/13","2016/12/14",2,7),
(610,711,71,"2016/12/13","2016/12/15","2016/12/14",2,6),
(611,1073,72,"2016/12/15","2016/12/17","2016/12/18",2,7),
(612,634,73,"2016/12/16","2016/12/17","2016/12/17",2,7),
(613,1159,74,"2016/12/17","2016/12/19","2016/12/19",2,7),
(614,654,75,"2016/12/18","2016/12/21","2016/12/21",1,2),
(615,560,76,"2016/12/19","2016/12/22","2016/12/21",3,9),
(616,1444,77,"2016/12/20","2016/12/23","2016/12/23",2,6),
(617,118,1,"2016/12/21","2016/12/23","2016/12/23",2,7),
(618,131,2,"2016/12/21","2016/12/22","2016/12/22",2,6),
(619,454,3,"2016/12/22","2016/12/25","2016/12/25",2,7),
(620,466,4,"2016/12/22","2016/12/24","2016/12/24",2,6),
(621,1157,5,"2016/12/23","2016/12/25","2016/12/24",2,6),
(622,1398,6,"2016/12/23","2016/12/26","2016/12/25",2,7),
(623,678,7,"2016/12/24","2016/12/26","2016/12/27",2,6),
(624,814,8,"2016/12/24","2016/12/25","2016/12/27",2,6),
(625,1163,9,"2016/12/25","2016/12/28","2016/12/26",1,2),
(626,130,10,"2016/12/25","2016/12/28","2016/12/27",2,7),
(627,1119,11,"2016/12/25","2016/12/26","2016/12/28",2,6),
(628,561,12,"2016/12/26","2016/12/29","2016/12/27",1,3),
(629,973,13,"2016/12/26","2016/12/27","2016/12/29",1,2),
(630,1404,14,"2016/12/26","2016/12/27","2016/12/28",2,6),
(631,855,15,"2016/12/27","2016/12/29","2016/12/29",1,3),
(632,163,16,"2016/12/27","2016/12/29","2016/12/29",2,7),
(633,1040,17,"2016/12/28","2016/12/31","2016/12/30",3,8),
(634,27,18,"2016/12/29","2017/01/01","2016/12/30",2,6),
(635,520,19,"2016/12/30","2017/01/02","2016/12/31",2,6),
(636,532,20,"2017/01/03","2017/01/04","2017/01/05",1,2),
(637,512,21,"2017/01/03","2017/01/05","2017/01/05",2,6),
(638,1302,22,"2017/01/04","2017/01/05","2017/01/06",2,7),
(639,550,23,"2017/01/06","2017/01/07","2017/01/07",2,6),
(640,1093,24,"2017/01/06","2017/01/08","2017/01/07",2,6),
(641,673,25,"2017/01/07","2017/01/10","2017/01/08",1,3),
(642,847,26,"2017/01/07","2017/01/09","2017/01/10",2,7),
(643,901,27,"2017/01/08","2017/01/09","2017/01/11",1,3),
(644,439,28,"2017/01/08","2017/01/11","2017/01/10",2,6),
(645,1199,29,"2017/01/08","2017/01/11","2017/01/10",2,6),
(646,975,30,"2017/01/09","2017/01/12","2017/01/11",1,2),
(647,283,31,"2017/01/09","2017/01/10","2017/01/11",2,7),
(648,684,32,"2017/01/09","2017/01/11","2017/01/11",2,6),
(649,1153,33,"2017/01/10","2017/01/11","2017/01/13",1,3),
(650,729,34,"2017/01/11","2017/01/14","2017/01/12",1,2),
(651,190,35,"2017/01/11","2017/01/13","2017/01/13",2,7),
(652,985,36,"2017/01/12","2017/01/15","2017/01/13",3,9),
(653,1249,37,"2017/01/14","2017/01/17","2017/01/15",1,2),
(654,1129,38,"2017/01/14","2017/01/15","2017/01/17",2,7),
(655,347,39,"2017/01/16","2017/01/17","2017/01/18",1,3),
(656,949,40,"2017/01/16","2017/01/17","2017/01/18",2,7),
(657,349,41,"2017/01/17","2017/01/19","2017/01/20",1,2),
(658,1051,42,"2017/01/17","2017/01/18","2017/01/18",2,7),
(659,1391,43,"2017/01/17","2017/01/19","2017/01/18",2,7),
(660,383,44,"2017/01/18","2017/01/19","2017/01/19",2,7),
(661,626,45,"2017/01/18","2017/01/19","2017/01/20",2,6),
(662,1125,46,"2017/01/19","2017/01/20","2017/01/20",1,3),
(663,344,47,"2017/01/20","2017/01/22","2017/01/23",1,3),
(664,681,48,"2017/01/20","2017/01/23","2017/01/22",2,7),
(665,29,49,"2017/01/21","2017/01/22","2017/01/23",2,6),
(666,770,50,"2017/01/21","2017/01/22","2017/01/24",2,7),
(667,858,51,"2017/01/22","2017/01/24","2017/01/25",2,7),
(668,297,52,"2017/01/22","2017/01/23","2017/01/24",3,8),
(669,745,53,"2017/01/23","2017/01/24","2017/01/26",2,7),
(670,361,54,"2017/01/24","2017/01/25","2017/01/25",2,6),
(671,922,55,"2017/01/25","2017/01/28","2017/01/26",2,7),
(672,908,56,"2017/01/26","2017/01/29","2017/01/29",2,6),
(673,64,57,"2017/01/26","2017/01/28","2017/01/27",3,9),
(674,733,58,"2017/01/27","2017/01/28","2017/01/29",2,6),
(675,291,59,"2017/01/28","2017/01/31","2017/01/30",2,7),
(676,790,60,"2017/01/28","2017/01/30","2017/01/31",2,7),
(677,809,61,"2017/01/28","2017/01/31","2017/01/30",2,7),
(678,250,62,"2017/01/28","2017/01/29","2017/01/31",3,9),
(679,81,63,"2017/01/29","2017/01/30","2017/01/30",1,3),
(680,245,64,"2017/01/29","2017/02/01","2017/01/30",1,3),
(681,499,65,"2017/01/29","2017/02/01","2017/01/31",2,7),
(682,614,66,"2017/01/29","2017/01/30","2017/01/30",2,6),
(683,741,67,"2017/01/29","2017/01/31","2017/02/01",2,6),
(684,762,68,"2017/01/31","2017/02/01","2017/02/02",2,6),
(685,976,69,"2017/01/31","2017/02/03","2017/02/02",2,7),
(686,380,70,"2017/02/01","2017/02/03","2017/02/04",2,7),
(687,530,71,"2017/02/02","2017/02/05","2017/02/04",1,3),
(688,343,72,"2017/02/02","2017/02/03","2017/02/05",2,7),
(689,884,73,"2017/02/02","2017/02/03","2017/02/05",2,7),
(690,1097,74,"2017/02/03","2017/02/04","2017/02/06",1,2),
(691,1081,75,"2017/02/04","2017/02/06","2017/02/06",2,7),
(692,2,76,"2017/02/05","2017/02/05",NULL,1,3),
(693,1233,77,"2017/02/05","2017/02/07","2017/02/06",1,3),
(694,58,1,"2017/02/05","2017/02/06","2017/02/08",2,7),
(695,606,2,"2017/02/05","2017/02/08","2017/02/07",2,7),
(696,1242,3,"2017/02/05","2017/02/08","2017/02/08",2,7),
(697,562,4,"2017/02/06","2017/02/08","2017/02/09",1,2),
(698,543,5,"2017/02/06","2017/02/08","2017/02/09",3,8),
(699,958,6,"2017/02/06","2017/02/08","2017/02/09",3,9),
(700,4,7,"2017/02/07","2017/02/10","2017/02/08",2,6),
(701,850,8,"2017/02/07","2017/02/08","2017/02/09",3,9),
(702,1352,9,"2017/02/08","2017/02/09","2017/02/11",1,3),
(703,417,10,"2017/02/08","2017/02/09","2017/02/09",2,7),
(704,1137,11,"2017/02/08","2017/02/09","2017/02/11",2,6),
(705,1196,12,"2017/02/08","2017/02/11","2017/02/11",2,7),
(706,1271,13,"2017/02/09","2017/02/12","2017/02/10",1,2),
(707,79,14,"2017/02/09","2017/02/11","2017/02/11",2,7),
(708,660,15,"2017/02/10","2017/02/12","2017/02/11",1,2),
(709,1162,16,"2017/02/11","2017/02/13","2017/02/12",2,6),
(710,295,17,"2017/02/13","2017/02/15","2017/02/16",2,6),
(711,1246,18,"2017/02/13","2017/02/16","2017/02/14",2,6),
(712,173,19,"2017/02/13","2017/02/14","2017/02/16",3,9),
(713,207,20,"2017/02/13","2017/02/14","2017/02/15",3,8),
(714,805,21,"2017/02/14","2017/02/17","2017/02/15",2,7),
(715,12,22,"2017/02/15","2017/02/15",NULL,2,6),
(716,672,23,"2017/02/15","2017/02/17","2017/02/18",2,6),
(717,1312,24,"2017/02/15","2017/02/18","2017/02/17",2,6),
(718,38,25,"2017/02/16","2017/02/17","2017/02/17",2,7),
(719,200,26,"2017/02/16","2017/02/19","2017/02/18",2,6),
(720,382,27,"2017/02/16","2017/02/19","2017/02/19",2,6),
(721,625,28,"2017/02/16","2017/02/19","2017/02/17",2,7),
(722,1399,29,"2017/02/18","2017/02/20","2017/02/21",2,7),
(723,845,30,"2017/02/19","2017/02/21","2017/02/22",2,6),
(724,864,31,"2017/02/19","2017/02/22","2017/02/21",2,6),
(725,870,32,"2017/02/19","2017/02/22","2017/02/22",2,7),
(726,969,33,"2017/02/19","2017/02/22","2017/02/20",2,6),
(727,962,34,"2017/02/19","2017/02/22","2017/02/21",3,9),
(728,1138,35,"2017/02/20","2017/02/21","2017/02/23",1,3),
(729,897,36,"2017/02/20","2017/02/22","2017/02/21",2,7),
(730,500,37,"2017/02/21","2017/02/24","2017/02/22",2,6),
(731,910,38,"2017/02/25","2017/02/27","2017/02/27",3,9),
(732,147,39,"2017/02/26","2017/02/27","2017/03/01",2,7),
(733,832,40,"2017/02/26","2017/03/01","2017/02/27",2,7),
(734,939,41,"2017/02/26","2017/02/28","2017/03/01",3,9),
(735,20,42,"2017/02/27","2017/02/27",NULL,3,9),
(736,184,43,"2017/02/27","2017/02/28","2017/02/28",2,7),
(737,694,44,"2017/02/27","2017/03/01","2017/02/28",2,6),
(738,124,45,"2017/02/28","2017/03/01","2017/03/03",1,2),
(739,49,46,"2017/02/28","2017/03/01","2017/03/02",2,6),
(740,1113,47,"2017/02/28","2017/03/01","2017/03/02",2,6),
(741,119,48,"2017/02/28","2017/03/01","2017/03/01",3,8),
(742,433,49,"2017/02/28","2017/03/01","2017/03/01",3,9),
(743,137,50,"2017/03/01","2017/03/04","2017/03/04",2,6),
(744,166,51,"2017/03/01","2017/03/02","2017/03/02",2,7),
(745,698,52,"2017/03/01","2017/03/03","2017/03/03",2,7),
(746,391,53,"2017/03/02","2017/03/04","2017/03/05",1,3),
(747,87,54,"2017/03/03","2017/03/04","2017/03/05",1,3),
(748,1072,55,"2017/03/03","2017/03/05","2017/03/04",3,8),
(749,255,56,"2017/03/04","2017/03/07","2017/03/05",2,7),
(750,232,57,"2017/03/04","2017/03/07","2017/03/05",3,8),
(751,731,58,"2017/03/05","2017/03/08","2017/03/07",1,3),
(752,335,59,"2017/03/05","2017/03/06","2017/03/07",2,6),
(753,1201,60,"2017/03/05","2017/03/08","2017/03/08",2,7),
(754,646,61,"2017/03/06","2017/03/07","2017/03/08",1,2),
(755,531,62,"2017/03/06","2017/03/07","2017/03/07",2,6),
(756,1143,63,"2017/03/06","2017/03/07","2017/03/09",2,6),
(757,1336,64,"2017/03/06","2017/03/08","2017/03/09",2,7),
(758,953,65,"2017/03/06","2017/03/08","2017/03/07",3,9),
(759,284,66,"2017/03/07","2017/03/09","2017/03/08",2,7),
(760,1104,67,"2017/03/07","2017/03/10","2017/03/10",2,6),
(761,1291,68,"2017/03/07","2017/03/08","2017/03/10",2,7),
(762,572,69,"2017/03/08","2017/03/09","2017/03/09",2,6),
(763,842,70,"2017/03/08","2017/03/10","2017/03/09",3,9),
(764,701,71,"2017/03/09","2017/03/10","2017/03/12",1,2),
(765,1152,72,"2017/03/09","2017/03/11","2017/03/12",1,2),
(766,141,73,"2017/03/09","2017/03/11","2017/03/12",2,6),
(767,564,74,"2017/03/09","2017/03/10","2017/03/11",2,7),
(768,841,75,"2017/03/09","2017/03/12","2017/03/10",2,7),
(769,946,76,"2017/03/09","2017/03/11","2017/03/11",2,6),
(770,135,77,"2017/03/09","2017/03/11","2017/03/11",3,9),
(771,671,1,"2017/03/11","2017/03/14","2017/03/12",1,3),
(772,448,2,"2017/03/11","2017/03/12","2017/03/13",2,7),
(773,1385,3,"2017/03/11","2017/03/12","2017/03/12",2,6),
(774,690,4,"2017/03/12","2017/03/14","2017/03/14",2,6),
(775,968,5,"2017/03/12","2017/03/13","2017/03/13",2,6),
(776,490,6,"2017/03/13","2017/03/15","2017/03/16",2,6),
(777,496,7,"2017/03/13","2017/03/16","2017/03/16",2,6),
(778,56,8,"2017/03/15","2017/03/15",NULL,3,9),
(779,367,9,"2017/03/15","2017/03/16","2017/03/18",2,6),
(780,592,10,"2017/03/15","2017/03/17","2017/03/17",2,6),
(781,1018,11,"2017/03/15","2017/03/16","2017/03/17",2,6),
(782,1298,12,"2017/03/15","2017/03/16","2017/03/18",2,7),
(783,1343,13,"2017/03/16","2017/03/19","2017/03/17",1,2),
(784,430,14,"2017/03/16","2017/03/19","2017/03/19",2,7),
(785,794,15,"2017/03/18","2017/03/19","2017/03/20",1,2),
(786,249,16,"2017/03/18","2017/03/20","2017/03/19",2,6),
(787,700,17,"2017/03/18","2017/03/20","2017/03/19",3,9),
(788,1363,18,"2017/03/18","2017/03/20","2017/03/20",3,9),
(789,772,19,"2017/03/19","2017/03/20","2017/03/20",2,6),
(790,1015,20,"2017/03/19","2017/03/21","2017/03/22",2,7),
(791,432,21,"2017/03/20","2017/03/22","2017/03/23",2,6),
(792,479,22,"2017/03/22","2017/03/23","2017/03/24",2,6),
(793,653,23,"2017/03/23","2017/03/24","2017/03/24",2,6),
(794,863,24,"2017/03/23","2017/03/25","2017/03/24",2,7),
(795,992,25,"2017/03/23","2017/03/25","2017/03/26",2,7),
(796,154,26,"2017/03/23","2017/03/26","2017/03/25",3,9),
(797,374,27,"2017/03/24","2017/03/26","2017/03/26",2,7),
(798,619,28,"2017/03/26","2017/03/28","2017/03/29",1,3),
(799,607,29,"2017/03/27","2017/03/28","2017/03/29",1,3),
(800,1057,30,"2017/03/27","2017/03/29","2017/03/28",2,6),
(801,78,31,"2017/03/28","2017/03/29","2017/03/30",1,2),
(802,340,32,"2017/03/28","2017/03/29","2017/03/30",2,6),
(803,1105,33,"2017/03/28","2017/03/31","2017/03/30",3,8),
(804,95,34,"2017/03/29","2017/03/31","2017/03/30",2,6),
(805,420,35,"2017/03/29","2017/03/30","2017/04/01",2,6),
(806,234,36,"2017/03/30","2017/03/31","2017/03/31",2,7),
(807,1148,37,"2017/03/30","2017/04/01","2017/04/02",2,6),
(808,315,38,"2017/03/31","2017/04/02","2017/04/02",2,6),
(809,1222,39,"2017/03/31","2017/04/03","2017/04/03",2,7),
(810,153,40,"2017/04/01","2017/04/01",NULL,3,8),
(811,524,41,"2017/04/01","2017/04/04","2017/04/04",2,7),
(812,1164,42,"2017/04/01","2017/04/02","2017/04/03",2,7),
(813,1203,43,"2017/04/01","2017/04/03","2017/04/02",3,9),
(814,629,44,"2017/04/02","2017/04/05","2017/04/03",2,7),
(815,1251,45,"2017/04/03","2017/04/05","2017/04/04",1,3),
(816,811,46,"2017/04/03","2017/04/05","2017/04/05",2,6),
(817,301,47,"2017/04/04","2017/04/05","2017/04/07",2,7),
(818,1319,48,"2017/04/04","2017/04/07","2017/04/07",2,6),
(819,221,49,"2017/04/04","2017/04/07","2017/04/05",3,9),
(820,725,50,"2017/04/05","2017/04/08","2017/04/07",2,7),
(821,1181,51,"2017/04/05","2017/04/07","2017/04/08",2,7),
(822,294,52,"2017/04/06","2017/04/08","2017/04/09",2,7),
(823,415,53,"2017/04/06","2017/04/07","2017/04/08",3,8),
(824,993,54,"2017/04/07","2017/04/09","2017/04/10",1,2),
(825,10,55,"2017/04/07","2017/04/08","2017/04/09",2,7),
(826,45,56,"2017/04/07","2017/04/10","2017/04/10",2,6),
(827,666,57,"2017/04/07","2017/04/10","2017/04/10",2,7),
(828,246,58,"2017/04/09","2017/04/10","2017/04/12",2,6),
(829,674,59,"2017/04/09","2017/04/10","2017/04/10",2,7),
(830,431,60,"2017/04/11","2017/04/14","2017/04/12",2,6),
(831,1000,61,"2017/04/11","2017/04/12","2017/04/12",2,7),
(832,1215,62,"2017/04/11","2017/04/12","2017/04/12",2,7),
(833,406,63,"2017/04/12","2017/04/14","2017/04/15",2,7),
(834,890,64,"2017/04/12","2017/04/13","2017/04/15",2,6),
(835,940,65,"2017/04/13","2017/04/15","2017/04/14",1,2),
(836,455,66,"2017/04/13","2017/04/16","2017/04/14",2,6),
(837,948,67,"2017/04/13","2017/04/16","2017/04/14",2,7),
(838,1395,68,"2017/04/14","2017/04/17","2017/04/15",2,7),
(839,1332,69,"2017/04/15","2017/04/18","2017/04/16",1,3),
(840,372,70,"2017/04/15","2017/04/16","2017/04/16",2,6),
(841,428,71,"2017/04/15","2017/04/18","2017/04/17",2,7),
(842,1133,72,"2017/04/15","2017/04/18","2017/04/16",2,6),
(843,1059,73,"2017/04/16","2017/04/17","2017/04/19",2,7),
(844,1436,74,"2017/04/16","2017/04/17","2017/04/18",2,6),
(845,662,75,"2017/04/17","2017/04/18","2017/04/18",2,7),
(846,715,76,"2017/04/17","2017/04/19","2017/04/19",2,6),
(847,329,77,"2017/04/18","2017/04/19","2017/04/19",2,7),
(848,597,1,"2017/04/18","2017/04/20","2017/04/20",2,7),
(849,776,2,"2017/04/19","2017/04/20","2017/04/21",1,2),
(850,1346,3,"2017/04/19","2017/04/22","2017/04/22",1,3),
(851,1139,4,"2017/04/20","2017/04/21","2017/04/22",2,6),
(852,13,5,"2017/04/21","2017/04/23","2017/04/22",3,9),
(853,883,6,"2017/04/21","2017/04/24","2017/04/24",3,8),
(854,177,7,"2017/04/22","2017/04/25","2017/04/23",2,6),
(855,775,8,"2017/04/22","2017/04/23","2017/04/25",2,6),
(856,477,9,"2017/04/23","2017/04/25","2017/04/26",2,6),
(857,1402,10,"2017/04/24","2017/04/25","2017/04/26",2,7),
(858,162,11,"2017/04/25","2017/04/27","2017/04/28",2,6),
(859,644,12,"2017/04/25","2017/04/26","2017/04/26",2,6),
(860,473,13,"2017/04/27","2017/04/29","2017/04/28",2,7),
(861,1177,14,"2017/04/27","2017/04/29","2017/04/30",2,7),
(862,1230,15,"2017/04/27","2017/04/30","2017/04/29",3,8),
(863,446,16,"2017/04/28","2017/04/30","2017/05/01",2,7),
(864,902,17,"2017/04/28","2017/04/30","2017/04/29",2,6),
(865,974,18,"2017/04/29","2017/05/02","2017/05/01",2,6),
(866,1410,19,"2017/04/29","2017/04/30","2017/05/01",2,6),
(867,97,20,"2017/05/01","2017/05/03","2017/05/02",1,3),
(868,868,21,"2017/05/01","2017/05/04","2017/05/02",1,3),
(869,844,22,"2017/05/01","2017/05/04","2017/05/02",2,7),
(870,1416,23,"2017/05/01","2017/05/04","2017/05/02",2,6),
(871,358,24,"2017/05/02","2017/05/04","2017/05/03",2,7),
(872,394,25,"2017/05/03","2017/05/06","2017/05/06",1,3),
(873,829,26,"2017/05/03","2017/05/05","2017/05/05",2,7),
(874,661,27,"2017/05/04","2017/05/05","2017/05/06",2,7),
(875,386,28,"2017/05/05","2017/05/06","2017/05/08",1,3),
(876,1046,29,"2017/05/05","2017/05/08","2017/05/06",2,7),
(877,784,30,"2017/05/06","2017/05/07","2017/05/08",2,6),
(878,224,31,"2017/05/07","2017/05/10","2017/05/09",1,3),
(879,214,32,"2017/05/08","2017/05/09","2017/05/09",2,7),
(880,1206,33,"2017/05/08","2017/05/11","2017/05/10",2,6),
(881,1024,34,"2017/05/08","2017/05/11","2017/05/11",3,9),
(882,196,35,"2017/05/09","2017/05/12","2017/05/10",2,6),
(883,507,36,"2017/05/11","2017/05/13","2017/05/14",2,6),
(884,871,37,"2017/05/11","2017/05/13","2017/05/12",2,7),
(885,66,38,"2017/05/13","2017/05/13",NULL,3,8),
(886,1396,39,"2017/05/13","2017/05/14","2017/05/15",1,2),
(887,1195,40,"2017/05/13","2017/05/15","2017/05/15",2,6),
(888,1038,41,"2017/05/14","2017/05/16","2017/05/16",2,7),
(889,830,42,"2017/05/14","2017/05/17","2017/05/15",3,8),
(890,171,43,"2017/05/15","2017/05/18","2017/05/18",2,6),
(891,384,44,"2017/05/15","2017/05/18","2017/05/16",2,6),
(892,651,45,"2017/05/15","2017/05/18","2017/05/17",2,7),
(893,1293,46,"2017/05/16","2017/05/19","2017/05/19",2,7),
(894,1320,47,"2017/05/16","2017/05/19","2017/05/19",2,6),
(895,857,48,"2017/05/18","2017/05/21","2017/05/19",2,6),
(896,376,49,"2017/05/19","2017/05/22","2017/05/21",3,9),
(897,47,50,"2017/05/20","2017/05/21","2017/05/21",1,2),
(898,352,51,"2017/05/20","2017/05/21","2017/05/22",2,6),
(899,605,52,"2017/05/20","2017/05/21","2017/05/21",2,7),
(900,971,53,"2017/05/20","2017/05/21","2017/05/22",2,6),
(901,345,54,"2017/05/21","2017/05/22","2017/05/24",2,7),
(902,1278,55,"2017/05/21","2017/05/24","2017/05/22",2,6),
(903,179,56,"2017/05/22","2017/05/23","2017/05/24",2,7),
(904,1020,57,"2017/05/23","2017/05/26","2017/05/24",1,2),
(905,609,58,"2017/05/23","2017/05/26","2017/05/24",2,6),
(906,877,59,"2017/05/23","2017/05/26","2017/05/26",2,7),
(907,120,60,"2017/05/24","2017/05/26","2017/05/27",1,2),
(908,402,61,"2017/05/25","2017/05/28","2017/05/27",2,7),
(909,188,62,"2017/05/26","2017/05/27","2017/05/28",1,2),
(910,342,63,"2017/05/26","2017/05/28","2017/05/28",2,7),
(911,887,64,"2017/05/26","2017/05/29","2017/05/29",2,6),
(912,519,65,"2017/05/27","2017/05/29","2017/05/29",1,2),
(913,699,66,"2017/05/27","2017/05/29","2017/05/29",2,6),
(914,1068,67,"2017/05/28","2017/05/31","2017/05/31",1,2),
(915,215,68,"2017/05/28","2017/05/30","2017/05/30",2,6),
(916,718,69,"2017/05/28","2017/05/29","2017/05/29",2,6),
(917,881,70,"2017/05/29","2017/05/31","2017/06/01",1,2),
(918,242,71,"2017/05/30","2017/05/31","2017/05/31",1,3),
(919,781,72,"2017/05/30","2017/05/31","2017/05/31",2,7),
(920,966,73,"2017/05/30","2017/06/01","2017/06/02",2,7),
(921,628,74,"2017/05/31","2017/06/02","2017/06/02",2,6),
(922,656,75,"2017/05/31","2017/06/01","2017/06/03",2,6),
(923,769,76,"2017/05/31","2017/06/03","2017/06/02",2,7),
(924,68,77,"2017/06/02","2017/06/02",NULL,3,8),
(925,1316,1,"2017/06/02","2017/06/05","2017/06/03",2,7),
(926,233,2,"2017/06/03","2017/06/05","2017/06/06",1,2),
(927,1438,3,"2017/06/03","2017/06/05","2017/06/06",1,2),
(928,957,4,"2017/06/05","2017/06/06","2017/06/06",1,3),
(929,472,5,"2017/06/05","2017/06/06","2017/06/08",2,6),
(930,1224,6,"2017/06/05","2017/06/06","2017/06/06",3,9),
(931,631,7,"2017/06/07","2017/06/08","2017/06/08",2,6),
(932,804,8,"2017/06/07","2017/06/08","2017/06/09",2,6),
(933,909,9,"2017/06/07","2017/06/10","2017/06/08",2,6),
(934,93,10,"2017/06/09","2017/06/10","2017/06/12",2,7),
(935,43,11,"2017/06/10","2017/06/10",NULL,3,8),
(936,265,12,"2017/06/10","2017/06/13","2017/06/12",2,6),
(937,73,13,"2017/06/11","2017/06/14","2017/06/13",2,7),
(938,129,14,"2017/06/11","2017/06/12","2017/06/12",2,6),
(939,1407,15,"2017/06/11","2017/06/12","2017/06/14",2,6),
(940,585,16,"2017/06/12","2017/06/14","2017/06/13",1,2),
(941,736,17,"2017/06/12","2017/06/14","2017/06/14",1,2),
(942,537,18,"2017/06/13","2017/06/16","2017/06/15",2,6),
(943,1025,19,"2017/06/13","2017/06/15","2017/06/15",2,6),
(944,138,20,"2017/06/14","2017/06/15","2017/06/17",1,3),
(945,167,21,"2017/06/14","2017/06/15","2017/06/16",2,7),
(946,525,22,"2017/06/14","2017/06/16","2017/06/15",2,6),
(947,278,23,"2017/06/15","2017/06/18","2017/06/17",1,3),
(948,618,24,"2017/06/15","2017/06/17","2017/06/17",2,6),
(949,867,25,"2017/06/16","2017/06/18","2017/06/17",1,3),
(950,142,26,"2017/06/16","2017/06/19","2017/06/18",2,6),
(951,339,27,"2017/06/16","2017/06/19","2017/06/19",2,7),
(952,355,28,"2017/06/16","2017/06/18","2017/06/18",2,7),
(953,658,29,"2017/06/16","2017/06/18","2017/06/17",2,7),
(954,611,30,"2017/06/17","2017/06/20","2017/06/20",2,6),
(955,880,31,"2017/06/17","2017/06/19","2017/06/18",2,6),
(956,1184,32,"2017/06/17","2017/06/19","2017/06/20",2,6),
(957,722,33,"2017/06/17","2017/06/20","2017/06/20",3,9),
(958,1276,34,"2017/06/18","2017/06/20","2017/06/19",1,2),
(959,650,35,"2017/06/18","2017/06/21","2017/06/21",2,7),
(960,1390,36,"2017/06/18","2017/06/19","2017/06/19",2,7),
(961,82,37,"2017/06/19","2017/06/21","2017/06/22",1,2),
(962,570,38,"2017/06/19","2017/06/22","2017/06/20",2,7),
(963,1432,39,"2017/06/19","2017/06/21","2017/06/21",2,6),
(964,404,40,"2017/06/20","2017/06/22","2017/06/22",2,7),
(965,457,41,"2017/06/20","2017/06/22","2017/06/23",2,6),
(966,389,42,"2017/06/20","2017/06/22","2017/06/22",3,8),
(967,1323,43,"2017/06/21","2017/06/24","2017/06/24",2,6),
(968,1403,44,"2017/06/21","2017/06/23","2017/06/23",2,6),
(969,248,45,"2017/06/21","2017/06/24","2017/06/22",3,9),
(970,836,46,"2017/06/22","2017/06/25","2017/06/23",2,7),
(971,1426,47,"2017/06/22","2017/06/23","2017/06/24",3,8),
(972,270,48,"2017/06/23","2017/06/24","2017/06/25",2,7),
(973,238,49,"2017/06/24","2017/06/27","2017/06/27",2,6),
(974,511,50,"2017/06/24","2017/06/27","2017/06/27",3,8),
(975,1092,51,"2017/06/25","2017/06/27","2017/06/28",2,6),
(976,1266,52,"2017/06/25","2017/06/28","2017/06/27",3,9),
(977,400,53,"2017/06/26","2017/06/28","2017/06/27",2,7),
(978,1123,54,"2017/06/26","2017/06/28","2017/06/27",2,6),
(979,1190,55,"2017/06/26","2017/06/29","2017/06/27",2,6),
(980,328,56,"2017/06/26","2017/06/28","2017/06/27",3,9),
(981,687,57,"2017/06/26","2017/06/29","2017/06/28",3,8),
(982,1423,58,"2017/06/26","2017/06/29","2017/06/28",3,9),
(983,1158,59,"2017/06/27","2017/06/28","2017/06/29",2,6),
(984,1287,60,"2017/06/27","2017/06/28","2017/06/29",2,7),
(985,461,61,"2017/06/30","2017/07/02","2017/07/01",2,6),
(986,556,62,"2017/06/30","2017/07/03","2017/07/01",2,7),
(987,172,63,"2017/07/02","2017/07/04","2017/07/04",1,2),
(988,436,64,"2017/07/02","2017/07/04","2017/07/05",2,6),
(989,1145,65,"2017/07/02","2017/07/04","2017/07/03",2,6),
(990,706,66,"2017/07/04","2017/07/07","2017/07/07",2,7),
(991,751,67,"2017/07/06","2017/07/07","2017/07/09",1,2),
(992,723,68,"2017/07/07","2017/07/10","2017/07/09",2,7),
(993,1415,69,"2017/07/09","2017/07/11","2017/07/11",1,3),
(994,419,70,"2017/07/09","2017/07/11","2017/07/11",2,7),
(995,621,71,"2017/07/11","2017/07/13","2017/07/14",1,2),
(996,915,72,"2017/07/11","2017/07/12","2017/07/12",1,2),
(997,485,73,"2017/07/11","2017/07/13","2017/07/14",2,7),
(998,219,74,"2017/07/12","2017/07/13","2017/07/14",2,7),
(999,590,75,"2017/07/12","2017/07/13","2017/07/14",2,6),
(1000,645,76,"2017/07/12","2017/07/14","2017/07/15",2,7),
(1001,354,77,"2017/07/13","2017/07/16","2017/07/15",2,6),
(1002,1418,1,"2017/07/14","2017/07/16","2017/07/16",1,3),
(1003,503,2,"2017/07/14","2017/07/16","2017/07/16",2,7),
(1004,1389,3,"2017/07/14","2017/07/17","2017/07/16",2,6),
(1005,266,4,"2017/07/15","2017/07/17","2017/07/16",2,7),
(1006,1070,5,"2017/07/15","2017/07/18","2017/07/17",2,7),
(1007,1115,6,"2017/07/16","2017/07/17","2017/07/17",2,6),
(1008,1345,7,"2017/07/16","2017/07/18","2017/07/18",2,6),
(1009,1064,8,"2017/07/16","2017/07/19","2017/07/19",3,8),
(1010,8,9,"2017/07/18","2017/07/18",NULL,2,7),
(1011,495,10,"2017/07/18","2017/07/21","2017/07/21",1,3),
(1012,620,11,"2017/07/18","2017/07/20","2017/07/20",2,7),
(1013,174,12,"2017/07/19","2017/07/22","2017/07/21",2,6),
(1014,748,13,"2017/07/19","2017/07/21","2017/07/21",2,6),
(1015,799,14,"2017/07/19","2017/07/22","2017/07/21",2,7),
(1016,1417,15,"2017/07/19","2017/07/20","2017/07/21",3,9),
(1017,168,16,"2017/07/20","2017/07/21","2017/07/23",2,6),
(1018,290,17,"2017/07/22","2017/07/23","2017/07/23",2,6),
(1019,408,18,"2017/07/22","2017/07/23","2017/07/24",2,7),
(1020,16,19,"2017/07/23","2017/07/23",NULL,2,6),
(1021,125,20,"2017/07/23","2017/07/24","2017/07/26",2,6),
(1022,353,21,"2017/07/23","2017/07/26","2017/07/24",2,7),
(1023,356,22,"2017/07/23","2017/07/26","2017/07/25",2,6),
(1024,837,23,"2017/07/23","2017/07/25","2017/07/26",2,7),
(1025,1304,24,"2017/07/23","2017/07/26","2017/07/26",2,6),
(1026,1370,25,"2017/07/26","2017/07/28","2017/07/29",1,2),
(1027,588,26,"2017/07/26","2017/07/28","2017/07/28",2,6),
(1028,1273,27,"2017/07/27","2017/07/28","2017/07/30",2,7),
(1029,407,28,"2017/07/29","2017/07/30","2017/08/01",1,3),
(1030,161,29,"2017/07/29","2017/07/30","2017/07/31",2,6),
(1031,1308,30,"2017/07/30","2017/08/01","2017/08/02",1,2),
(1032,429,31,"2017/07/30","2017/08/02","2017/08/01",2,6),
(1033,582,32,"2017/07/30","2017/07/31","2017/08/02",2,7),
(1034,895,33,"2017/07/30","2017/07/31","2017/07/31",2,7),
(1035,1283,34,"2017/07/30","2017/08/02","2017/08/02",2,6),
(1036,1442,35,"2017/07/30","2017/08/01","2017/07/31",2,6),
(1037,1229,36,"2017/07/31","2017/08/02","2017/08/03",2,6),
(1038,1281,37,"2017/07/31","2017/08/01","2017/08/03",2,7),
(1039,1077,38,"2017/08/02","2017/08/04","2017/08/03",2,7),
(1040,1225,39,"2017/08/04","2017/08/07","2017/08/05",1,2),
(1041,70,40,"2017/08/04","2017/08/06","2017/08/05",2,7),
(1042,539,41,"2017/08/06","2017/08/07","2017/08/07",2,7),
(1043,1235,42,"2017/08/06","2017/08/09","2017/08/08",2,6),
(1044,1270,43,"2017/08/07","2017/08/10","2017/08/08",2,7),
(1045,185,44,"2017/08/07","2017/08/09","2017/08/10",3,9),
(1046,1134,45,"2017/08/07","2017/08/09","2017/08/08",3,8),
(1047,116,46,"2017/08/08","2017/08/08",NULL,3,8),
(1048,777,47,"2017/08/08","2017/08/10","2017/08/09",2,7),
(1049,194,48,"2017/08/09","2017/08/11","2017/08/10",1,2),
(1050,239,49,"2017/08/09","2017/08/12","2017/08/12",1,3),
(1051,209,50,"2017/08/10","2017/08/11","2017/08/11",2,7),
(1052,460,51,"2017/08/10","2017/08/12","2017/08/13",2,6),
(1053,1439,52,"2017/08/10","2017/08/11","2017/08/12",2,6),
(1054,189,53,"2017/08/11","2017/08/12","2017/08/12",2,7),
(1055,140,54,"2017/08/12","2017/08/15","2017/08/15",2,6),
(1056,325,55,"2017/08/12","2017/08/15","2017/08/13",2,7),
(1057,456,56,"2017/08/12","2017/08/15","2017/08/13",2,7),
(1058,782,57,"2017/08/13","2017/08/16","2017/08/14",2,6),
(1059,6,58,"2017/08/14","2017/08/17","2017/08/17",2,7),
(1060,182,59,"2017/08/15","2017/08/18","2017/08/17",2,6),
(1061,655,60,"2017/08/15","2017/08/18","2017/08/18",2,7),
(1062,1210,61,"2017/08/15","2017/08/17","2017/08/18",2,6),
(1063,198,62,"2017/08/16","2017/08/19","2017/08/19",3,8),
(1064,898,63,"2017/08/16","2017/08/18","2017/08/19",3,9),
(1065,25,64,"2017/08/17","2017/08/19","2017/08/19",2,7),
(1066,106,65,"2017/08/17","2017/08/20","2017/08/19",2,7),
(1067,225,66,"2017/08/17","2017/08/19","2017/08/19",2,7),
(1068,453,67,"2017/08/17","2017/08/20","2017/08/19",2,7),
(1069,493,68,"2017/08/17","2017/08/19","2017/08/18",2,6),
(1070,596,69,"2017/08/17","2017/08/20","2017/08/18",2,7),
(1071,602,70,"2017/08/17","2017/08/20","2017/08/18",3,8),
(1072,47,71,"2017/08/18","2017/08/18",NULL,1,3),
(1073,911,72,"2017/08/18","2017/08/19","2017/08/21",2,7),
(1074,11,73,"2017/08/19","2017/08/19",NULL,2,6),
(1075,1003,74,"2017/08/19","2017/08/21","2017/08/22",1,3),
(1076,42,75,"2017/08/19","2017/08/22","2017/08/22",2,6),
(1077,412,76,"2017/08/19","2017/08/20","2017/08/21",2,6),
(1078,793,77,"2017/08/19","2017/08/21","2017/08/20",2,6),
(1079,812,1,"2017/08/19","2017/08/20","2017/08/20",2,7),
(1080,1086,2,"2017/08/19","2017/08/20","2017/08/20",2,7),
(1081,1106,3,"2017/08/19","2017/08/22","2017/08/22",2,6),
(1082,1327,4,"2017/08/20","2017/08/22","2017/08/21",2,6),
(1083,1372,5,"2017/08/20","2017/08/23","2017/08/23",2,6),
(1084,2,6,"2017/08/21","2017/08/24","2017/08/23",1,2),
(1085,305,7,"2017/08/21","2017/08/23","2017/08/23",1,3),
(1086,220,8,"2017/08/21","2017/08/23","2017/08/24",2,7),
(1087,675,9,"2017/08/22","2017/08/23","2017/08/25",3,8),
(1088,1160,10,"2017/08/22","2017/08/23","2017/08/23",3,8),
(1089,46,11,"2017/08/23","2017/08/23",NULL,1,2),
(1090,1427,12,"2017/08/24","2017/08/26","2017/08/26",1,2),
(1091,1260,13,"2017/08/24","2017/08/25","2017/08/25",2,7),
(1092,40,14,"2017/08/25","2017/08/28","2017/08/27",1,2),
(1093,326,15,"2017/08/25","2017/08/28","2017/08/26",1,3),
(1094,828,16,"2017/08/25","2017/08/27","2017/08/28",2,6),
(1095,1382,17,"2017/08/26","2017/08/28","2017/08/27",3,9),
(1096,589,18,"2017/08/27","2017/08/29","2017/08/29",1,2),
(1097,1311,19,"2017/08/27","2017/08/30","2017/08/28",2,6),
(1098,752,20,"2017/08/28","2017/08/30","2017/08/30",1,2),
(1099,1128,21,"2017/08/28","2017/08/29","2017/08/30",2,6),
(1100,1392,22,"2017/08/28","2017/08/29","2017/08/29",2,7),
(1101,379,23,"2017/08/29","2017/08/30","2017/08/30",2,7),
(1102,1317,24,"2017/08/29","2017/08/31","2017/08/31",2,6),
(1103,1394,25,"2017/08/31","2017/09/02","2017/09/02",2,7),
(1104,268,26,"2017/09/01","2017/09/04","2017/09/03",2,6),
(1105,747,27,"2017/09/01","2017/09/04","2017/09/03",3,8),
(1106,1009,28,"2017/09/02","2017/09/04","2017/09/04",2,6),
(1107,1424,29,"2017/09/02","2017/09/05","2017/09/05",2,7),
(1108,735,30,"2017/09/03","2017/09/05","2017/09/04",1,3),
(1109,23,31,"2017/09/03","2017/09/04","2017/09/04",2,6),
(1110,912,32,"2017/09/04","2017/09/07","2017/09/07",2,6),
(1111,930,33,"2017/09/04","2017/09/06","2017/09/05",2,6),
(1112,798,34,"2017/09/05","2017/09/08","2017/09/07",2,7),
(1113,388,35,"2017/09/06","2017/09/08","2017/09/07",2,7),
(1114,1036,36,"2017/09/06","2017/09/08","2017/09/08",2,6),
(1115,1100,37,"2017/09/07","2017/09/09","2017/09/09",2,6),
(1116,52,38,"2017/09/08","2017/09/10","2017/09/10",2,7),
(1117,334,39,"2017/09/08","2017/09/10","2017/09/10",2,6),
(1118,1023,40,"2017/09/08","2017/09/11","2017/09/11",2,6),
(1119,749,41,"2017/09/10","2017/09/12","2017/09/13",1,2),
(1120,1269,42,"2017/09/10","2017/09/12","2017/09/13",2,7),
(1121,143,43,"2017/09/11","2017/09/13","2017/09/12",2,7),
(1122,1132,44,"2017/09/12","2017/09/14","2017/09/14",2,6),
(1123,598,45,"2017/09/13","2017/09/14","2017/09/14",2,7),
(1124,275,46,"2017/09/13","2017/09/14","2017/09/16",3,9),
(1125,945,47,"2017/09/14","2017/09/15","2017/09/15",2,7),
(1126,1213,48,"2017/09/14","2017/09/16","2017/09/15",3,8),
(1127,494,49,"2017/09/15","2017/09/16","2017/09/16",2,7),
(1128,936,50,"2017/09/15","2017/09/17","2017/09/16",2,6),
(1129,663,51,"2017/09/17","2017/09/18","2017/09/20",2,6),
(1130,69,52,"2017/09/18","2017/09/20","2017/09/20",1,3),
(1131,1178,53,"2017/09/18","2017/09/20","2017/09/19",1,3),
(1132,351,54,"2017/09/19","2017/09/20","2017/09/20",2,6),
(1133,517,55,"2017/09/19","2017/09/21","2017/09/21",2,7),
(1134,978,56,"2017/09/19","2017/09/22","2017/09/20",2,6),
(1135,1347,57,"2017/09/19","2017/09/21","2017/09/20",2,6),
(1136,1050,58,"2017/09/20","2017/09/21","2017/09/21",2,6),
(1137,810,59,"2017/09/20","2017/09/23","2017/09/23",3,8),
(1138,254,60,"2017/09/21","2017/09/23","2017/09/22",1,2),
(1139,1006,61,"2017/09/21","2017/09/22","2017/09/23",1,2),
(1140,1063,62,"2017/09/21","2017/09/22","2017/09/22",3,8),
(1141,1076,63,"2017/09/22","2017/09/23","2017/09/24",1,2),
(1142,554,64,"2017/09/23","2017/09/26","2017/09/26",1,3),
(1143,1087,65,"2017/09/24","2017/09/26","2017/09/27",1,2),
(1144,1414,66,"2017/09/24","2017/09/27","2017/09/27",2,7),
(1145,617,67,"2017/09/25","2017/09/27","2017/09/26",2,6),
(1146,757,68,"2017/09/25","2017/09/26","2017/09/28",2,7),
(1147,1344,69,"2017/09/25","2017/09/26","2017/09/27",2,6),
(1148,1379,70,"2017/09/25","2017/09/26","2017/09/27",2,7),
(1149,787,71,"2017/09/27","2017/09/30","2017/09/30",2,7),
(1150,1183,72,"2017/09/28","2017/10/01","2017/09/30",2,7),
(1151,708,73,"2017/09/29","2017/09/30","2017/09/30",1,3),
(1152,1244,74,"2017/09/29","2017/10/02","2017/10/01",2,6),
(1153,720,75,"2017/09/30","2017/10/03","2017/10/03",2,7),
(1154,789,76,"2017/09/30","2017/10/03","2017/10/03",2,7),
(1155,865,77,"2017/09/30","2017/10/01","2017/10/01",2,7);